node_id,name,id,node_type,is_hub
38,abalone,,ingredient,hub
50,acorn,,ingredient,hub
57,adzuki_bean,,ingredient,hub
58,agar,,ingredient,hub
61,agave,,ingredient,hub
71,albacore_tuna,,ingredient,hub
77,alfalfa,,ingredient,hub
86,allspice,,ingredient,hub
88,almond,,ingredient,hub
114,amaranth,,ingredient,hub
135,anchovy,,ingredient,hub
145,angelica,,ingredient,hub
148,anise,,ingredient,hub
158,apple,,ingredient,hub
159,apple_brandy,,liquor,hub
163,apple_cider_vinegar,,ingredient,hub
175,apricot,,ingredient,hub
196,arrowroot,,ingredient,hub
197,artichoke,,ingredient,hub
213,asparagus,,ingredient,hub
223,avocado,,ingredient,hub
273,bagel,,ingredient,hub
300,bamboo_shoot,,ingredient,hub
302,banana,,ingredient,hub
321,barley,,ingredient,hub
326,bartlett_pear,,ingredient,hub
328,basil,,ingredient,hub
336,basmati_rice,,ingredient,hub
345,bean,,ingredient,hub
361,beef,,ingredient,hub
423,beer,,liquor,hub
429,beetroot,,ingredient,hub
438,berry,,ingredient,hub
453,biscuit,,ingredient,hub
483,black_currant,,ingredient,hub
485,black_eyed_pea,,ingredient,hub
504,black_raspberry,,ingredient,hub
510,black_tea,,ingredient,hub
517,black_walnut,,ingredient,hub
518,blackberry,,ingredient,hub
519,blackberry_brandy,,liquor,hub
537,blue_cheese,,ingredient,hub
547,blueberry,,ingredient,hub
556,bluefish,,ingredient,hub
656,boysenberry,,ingredient,hub
662,brandy,,liquor,hub
667,brazil_nut,,ingredient,hub
668,bread,,ingredient,hub
682,breadfruit,,ingredient,hub
685,breakfast_cereal,,ingredient,hub
707,broad_bean,,ingredient,hub
709,broccoli,,ingredient,hub
754,brussels_sprout,,ingredient,hub
762,buffalo,,ingredient,hub
770,bulgur,,ingredient,hub
779,burrito,,ingredient,hub
781,butter,,ingredient,hub
805,buttermilk,,ingredient,hub
814,butternut_squash,,ingredient,hub
823,cabbage,,ingredient,hub
838,cake,,ingredient,hub
854,camembert_cheese,,ingredient,hub
885,candy_bar,,ingredient,hub
960,canola_oil,,ingredient,hub
966,caper,,ingredient,hub
975,capsicum,,ingredient,hub
991,cardamom,,ingredient,hub
995,cardoon,,ingredient,hub
1003,carom_seed,,ingredient,hub
1005,carrot,,ingredient,hub
1014,cashew_nut,,ingredient,hub
1017,cassava,,ingredient,hub
1018,cassia,,ingredient,hub
1023,catfish,,ingredient,hub
1027,cauliflower,,ingredient,hub
1033,caviar,,ingredient,hub
1041,celery,,ingredient,hub
1069,champagne,,liquor,hub
1081,chayote,,ingredient,hub
1083,cheddar_cheese,,ingredient,hub
1089,cheese,,ingredient,hub
1111,cherry,,ingredient,hub
1112,cherry_brandy,,liquor,hub
1121,cherry_pepper,,ingredient,hub
1125,cherry_tomato,,ingredient,hub
1128,chervil,,ingredient,hub
1129,chestnut,,ingredient,hub
1138,chicken,,ingredient,hub
1204,chickpea,,ingredient,hub
1212,chili,,ingredient,hub
1234,chinese_cabbage,,ingredient,hub
1243,chinese_mustard,,ingredient,hub
1263,chive,,ingredient,hub
1266,chocolate,,ingredient,hub
1328,chocolate_spread,,ingredient,hub
1361,cider,,ingredient,hub
1368,cinnamon,,ingredient,hub
1390,citrus_fruit,,ingredient,hub
1395,clam,,ingredient,hub
1405,clementine,,ingredient,hub
1411,clove,,ingredient,hub
1426,cocoa,,ingredient,hub
1427,cocoa_butter,,ingredient,hub
1429,cocoa_powder,,ingredient,hub
1430,coconut,,ingredient,hub
1458,coffee,,ingredient,hub
1488,comte_cheese,,ingredient,hub
1489,conch,,ingredient,hub
1504,condensed_milk,,ingredient,hub
1576,cooking_oil,,ingredient,hub
1588,coriander,,ingredient,hub
1595,corn,,ingredient,hub
1598,corn_chip,,ingredient,hub
1608,corn_oil,,ingredient,hub
1615,cornbread,,ingredient,hub
1631,cottage_cheese,,ingredient,hub
1644,couscous,,ingredient,hub
1645,crab,,ingredient,hub
1664,cranberry,,ingredient,hub
1679,crayfish,,ingredient,hub
1681,cream,,ingredient,hub
1682,cream_cheese,,ingredient,hub
1768,cucumber,,ingredient,hub
1773,cumin,,ingredient,hub
1783,currant,,ingredient,hub
1786,curry_leaf,,ingredient,hub
1794,cuttlefish,,ingredient,hub
1845,date,,ingredient,hub
1855,deer,,ingredient,hub
1895,dill,,ingredient,hub
2164,dulce_de_leche,,ingredient,hub
2167,dumpling,,ingredient,hub
2188,egg,,ingredient,hub
2200,eggplant,,ingredient,hub
2202,elderberry,,ingredient,hub
2210,endive,,ingredient,hub
2223,epazote,,ingredient,hub
2239,evaporated_milk,,ingredient,hub
2310,fennel,,ingredient,hub
2320,feta_cheese,,ingredient,hub
2331,fig,,ingredient,hub
2335,filbert,,ingredient,hub
2364,fish,,ingredient,hub
2396,flour,,ingredient,hub
2757,fruit_juice,,ingredient,hub
2761,fruit_preserve,,ingredient,hub
2764,fruit_salad,,ingredient,hub
2774,fudge,,ingredient,hub
2793,garlic,,ingredient,hub
2821,gelatin,,ingredient,hub
2832,ghee,,ingredient,hub
2836,gin,,liquor,hub
2837,ginger,,liquor,hub
2860,ginkgo_nut,,liquor,hub
2890,goat_cheese,,ingredient,hub
2914,gooseberry,,ingredient,hub
2947,grape,,ingredient,hub
2955,grapefruit,,ingredient,hub
2980,green_bean,,ingredient,hub
2981,green_bell_pepper,,ingredient,hub
3035,green_tea,,ingredient,hub
3041,green_zucchini,,ingredient,hub
3125,grouper,,ingredient,hub
3128,gruyere_cheese,,ingredient,hub
3133,guava,,ingredient,hub
3148,haddock,,ingredient,hub
3161,ham,,ingredient,hub
3169,hamburger,,ingredient,hub
3201,hazelnut,,ingredient,hub
3290,honey,,ingredient,hub
3308,hop,,ingredient,hub
3312,horseradish,,ingredient,hub
3334,hot_dog,,ingredient,hub
3370,hummus,,ingredient,hub
3377,ice_cream,,ingredient,hub
3378,ice_cream_cone,,ingredient,hub
3386,icing,,ingredient,hub
3447,irish_moss,,ingredient,hub
3489,jackfruit,,ingredient,hub
3492,jalapeno,,ingredient,hub
3526,jerusalem_artichoke,,ingredient,hub
3527,jicama,,ingredient,hub
3546,kale,,ingredient,hub
3560,kefir,,ingredient,hub
3562,kelp,,ingredient,hub
3565,ketchup,,ingredient,hub
3572,kidney_bean,,ingredient,hub
3587,kiwi,,ingredient,hub
3596,kohlrabi,,ingredient,hub
3597,kombu,,ingredient,hub
3632,kumquat,,ingredient,hub
3636,lamb,,ingredient,hub
3717,leek,,ingredient,hub
3720,lemon,,ingredient,hub
3727,lemon_balm,,ingredient,hub
3766,lemon_verbena,,ingredient,hub
3781,lentil,,ingredient,hub
3782,lettuce,,ingredient,hub
3839,lima_bean,,ingredient,hub
3840,lime,,ingredient,hub
3860,lingonberry,,ingredient,hub
3899,lobster,,ingredient,hub
3920,lovage,,ingredient,hub
4013,macadamia_nut,,ingredient,hub
4015,macaroni,,ingredient,hub
4021,mace,,ingredient,hub
4026,madeira_wine,,liquor,hub
4045,mandarin_orange,,ingredient,hub
4052,mango,,ingredient,hub
4076,margarine,,ingredient,hub
4084,marjoram,,ingredient,hub
4092,marshmallow,,ingredient,hub
4096,marzipan,,ingredient,hub
4123,meat,,ingredient,hub
4129,meatball,,ingredient,hub
4132,meatloaf,,ingredient,hub
4150,melon,,ingredient,hub
4153,meringue,,ingredient,hub
4172,mexican_oregano,,ingredient,hub
4204,milk,,ingredient,hub
4213,millet,,ingredient,hub
4243,mint,,ingredient,hub
4264,miso,,ingredient,hub
4279,mixed_nut,,ingredient,hub
4292,molasses,,ingredient,hub
4309,mozzarella_cheese,,ingredient,hub
4319,mulberry,,ingredient,hub
4323,multigrain_bread,,ingredient,hub
4324,mung_bean,,ingredient,hub
4330,mushroom,,ingredient,hub
4343,mustard,,ingredient,hub
4345,mustard_oil,,ingredient,hub
4350,mutton,,ingredient,hub
4383,nigella_seed,,ingredient,hub
4433,nut,,ingredient,hub
4438,nutmeg,,ingredient,hub
4444,oat,,ingredient,hub
4460,okra,,ingredient,hub
4469,olive,,ingredient,hub
4478,onion,,ingredient,hub
4494,orange,,ingredient,hub
4499,orange_bell_pepper,,ingredient,hub
4521,orange_oil,,ingredient,hub
4527,orange_roughy,,ingredient,hub
4545,oregano,,ingredient,hub
4572,oyster,,ingredient,hub
4575,oyster_mushroom,,ingredient,hub
4588,pancake,,ingredient,hub
4600,papaya,,ingredient,hub
4615,parmesan_cheese,,ingredient,hub
4620,parsley,,ingredient,hub
4625,parsnip,,ingredient,hub
4630,passion_fruit,,ingredient,hub
4635,pasta,,ingredient,hub
4653,pate,,ingredient,hub
4658,pawpaw,,ingredient,hub
4659,pea,,ingredient,hub
4663,peach,,ingredient,hub
4687,peanut,,ingredient,hub
4689,peanut_butter,,ingredient,hub
4699,peanut_oil,,ingredient,hub
4701,pear,,ingredient,hub
4702,pear_brandy,,liquor,hub
4716,pecan,,ingredient,hub
4724,pectin,,ingredient,hub
4733,pepper,,ingredient,hub
4744,peppermint,,ingredient,hub
4763,persimmon,,ingredient,hub
4768,pheasant,,ingredient,hub
4776,phyllo_dough,,ingredient,hub
4809,pie_crust,,ingredient,hub
4821,pigeon_pea,,ingredient,hub
4846,pineapple,,ingredient,hub
4875,pink_salmon,,ingredient,hub
4885,pistachio,,ingredient,hub
4891,pita_bread,,ingredient,hub
4928,plum,,ingredient,hub
4930,plum_brandy,,liquor,hub
4937,plum_wine,,liquor,hub
4948,pomegranate,,ingredient,hub
4958,popcorn,,ingredient,hub
4961,poppy_seed,,ingredient,hub
4966,pork,,ingredient,hub
5016,port_wine,,liquor,hub
5027,potato,,ingredient,hub
5028,potato_bread,,ingredient,hub
5030,potato_chip,,ingredient,hub
5063,prawn,,ingredient,hub
5096,prickly_pear,,ingredient,hub
5108,provolone_cheese,,ingredient,hub
5115,pudding,,ingredient,hub
5125,pumpkin,,ingredient,hub
5147,purslane,,ingredient,hub
5149,quail,,ingredient,hub
5171,quince,,ingredient,hub
5173,quinoa,,ingredient,hub
5176,rabbit,,ingredient,hub
5183,radish,,ingredient,hub
5188,rainbow_trout,,ingredient,hub
5190,raisin,,ingredient,hub
5192,raisin_bread,,ingredient,hub
5203,rapini,,ingredient,hub
5205,raspberry,,ingredient,hub
5228,ravioli,,ingredient,hub
5267,red_bell_pepper,,ingredient,hub
5285,red_currant,,ingredient,hub
5328,red_raspberry,,ingredient,hub
5330,red_rice,,ingredient,hub
5345,red_wine,,liquor,hub
5418,relish,,ingredient,hub
5424,rhubarb,,ingredient,hub
5431,rice,,ingredient,hub
5436,rice_cake,,ingredient,hub
5454,ricotta_cheese,,ingredient,hub
5519,romano_cheese,,ingredient,hub
5526,roquefort_cheese,,ingredient,hub
5527,rose,,ingredient,hub
5534,rose_wine,,liquor,hub
5535,rosemary,,ingredient,hub
5558,rum,,liquor,hub
5567,rutabaga,,ingredient,hub
5569,rye_bread,,ingredient,hub
5579,saffron,,ingredient,hub
5582,sage,,ingredient,hub
5587,sake,,liquor,hub
5588,salad_dressing,,ingredient,hub
5598,salmon,,ingredient,hub
5608,salt,,ingredient,hub
5650,saskatoon_berry,,ingredient,hub
5653,sausage,,ingredient,hub
5668,scallop,,ingredient,hub
5676,scotch_whisky,,liquor,hub
5735,semolina,,ingredient,hub
5743,sesame,,ingredient,hub
5759,shallot,,ingredient,hub
5800,shortening,,ingredient,hub
5809,shrimp,,ingredient,hub
5879,smelt,,ingredient,hub
5919,snail,,ingredient,hub
5929,sockeye_salmon,,ingredient,hub
5956,sorghum,,ingredient,hub
5959,sorrel,,ingredient,hub
5960,soup,,ingredient,hub
5967,sour_cherry,,ingredient,hub
5999,soy_yogurt,,ingredient,hub
6004,soybean,,ingredient,hub
6005,soybean_oil,,ingredient,hub
6031,sparkling_wine,,liquor,hub
6032,spearmint,,ingredient,hub
6035,spelt,,ingredient,hub
6051,spinach,,ingredient,hub
6062,spirulina,,ingredient,hub
6079,squab,,ingredient,hub
6083,squid,,ingredient,hub
6086,squirrel,,ingredient,hub
6091,star_anise,,ingredient,hub
6093,star_fruit,,ingredient,hub
6131,strawberry,,ingredient,hub
6140,strawberry_jam,,ingredient,hub
6159,striped_bass,,ingredient,hub
6172,sugar,,ingredient,hub
6204,sugar_substitute,,ingredient,hub
6212,summer_savory,,ingredient,hub
6229,swede,,ingredient,hub
6236,sweet_basil,,ingredient,hub
6240,sweet_cherry,,ingredient,hub
6255,sweet_marjoram,,ingredient,hub
6266,sweet_potato,,ingredient,hub
6287,sweetcorn,,ingredient,hub
6299,swiss_cheese,,ingredient,hub
6300,swordfish,,ingredient,hub
6303,syrup,,ingredient,hub
6326,tamale,,ingredient,hub
6337,tangerine,,ingredient,hub
6349,tarragon,,ingredient,hub
6367,tea,,ingredient,hub
6371,teff,,ingredient,hub
6409,thyme,,ingredient,hub
6434,tofu,,ingredient,hub
6441,tomato,,ingredient,hub
6475,tortilla,,ingredient,hub
6476,tortilla_chip,,ingredient,hub
6477,tostada,,ingredient,hub
6478,trail_mix,,ingredient,hub
6490,truffle,,ingredient,hub
6507,turbot,,ingredient,hub
6508,turkey,,ingredient,hub
6545,turmeric,,ingredient,hub
6547,turnip,,ingredient,hub
6631,vanilla,,ingredient,hub
6709,vegetable_juice,,ingredient,hub
6749,vermouth,,ingredient,hub
6756,vinegar,,ingredient,hub
6763,vodka,,liquor,hub
6766,waffle,,ingredient,hub
6773,walleye,,ingredient,hub
6775,walnut,,ingredient,hub
6782,wasabi,,ingredient,hub
6787,water,,ingredient,hub
6788,water_chestnut,,ingredient,hub
6791,watercress,,ingredient,hub
6803,wheat,,ingredient,hub
6821,whey,,ingredient,hub
6838,white_bread,,ingredient,hub
6843,white_cabbage,,ingredient,hub
6894,white_pepper,,ingredient,hub
6918,white_wine,,liquor,hub
7013,wild_rice,,ingredient,hub
7017,wine,,liquor,hub
7020,winter_savory,,ingredient,hub
7021,winter_squash,,ingredient,hub
7029,wonton_wrapper,,ingredient,hub
7043,yam,,ingredient,hub
7051,yellow_bell_pepper,,ingredient,hub
7083,yellow_zucchini,,ingredient,hub
7087,yogurt,,ingredient,hub
8192,naringenin,439246.0,compound,food
8193,(-)-Limonene,439250.0,compound,food
8194,(+)-Neomenthol,439263.0,compound,food
8195,alpha-Maltose,439341.0,compound,food
8196,Taxifolin,439533.0,compound,food
8197,(-)-Carvone,439570.0,compound,food
8198,D-Limonene,440917.0,compound,food
8199,arbutin,440936.0,compound,food
8200,(-)-beta-Pinene,440967.0,compound,food
8201,(-)-alpha-Pinene,440968.0,compound,food
8202,(+)-delta-Cadinene,441005.0,compound,food
8203,alpha-L-Sorbopyranose,441484.0,compound,food
8204,carnosol,442009.0,compound,food
8205,Levomenol,442343.0,compound,food
8206,AC1L9CNW,442355.0,compound,food
8207,5986-55-0,442384.0,compound,food
8208,Beta-Selinene,442393.0,compound,food
8209,naringin,442428.0,compound,food
8210,Carvone_oxide,442462.0,compound,food
8211,(R)-(-)-alpha-Phellandrene,442482.0,compound,food
8212,(+)-Pulegone,442495.0,compound,food
8213,(+)-alpha-Terpineol,442501.0,compound,food
8214,(+)-3-Carene,443156.0,compound,food
8215,(-)-Linalool,443158.0,compound,food
8216,(+)-alpha-phellandrene,443160.0,compound,food
8217,(-)-alpha-Terpineol,443162.0,compound,food
8218,(+)-isodihydrocarvone,443167.0,compound,food
8219,trans-Aconitic_acid,444212.0,compound,food
8220,Cinnamic_Acid,444539.0,compound,food
8221,farnesol,445070.0,compound,food
8222,resveratrol,445154.0,compound,food
8223,oleic_acid,445639.0,compound,food
8224,Lycopene,446925.0,compound,food
8225,2-Nonen-4-one,448996.0,compound,food
8226,(+)-trans-Limonene_oxide,449290.0,compound,food
8227,Isoxanthohumol,513197.0,compound,food
8228,103-95-7,517827.0,compound,food
8229,Bornyl_formate,518472.0,compound,food
8230,"2,5-Diethyl-4-methylthiazole",518856.0,compound,food
8231,Furfuryl_methyl_sulfide,518937.0,compound,food
8232,3-Decanol,519158.0,compound,food
8233,"(5xi,7xi,10xi)-eudesma-4(14),11-diene",519361.0,compound,food
8234,Dihydro-beta-ionone,519382.0,compound,food
8235,2-sec-Butylthiazole,519539.0,compound,food
8236,l-.alpha.-Cadinol,519662.0,compound,food
8237,5-Ethyl-2-methylthiazole,519732.0,compound,food
8238,.beta.-Sesquiphellandrene,519764.0,compound,food
8239,Isopentyl_isobutyrate,519786.0,compound,food
8240,Methyl_3-hydroxyhexanoate,519845.0,compound,food
8241,Cubenol,519857.0,compound,food
8242,Methyl_2-methylpentanoate,519890.0,compound,food
8243,24168-70-5,520098.0,compound,food
8244,2-Acetylthiazole,520108.0,compound,food
8245,1-Mercapto-2-propanone,520144.0,compound,food
8246,Phenethyl_2-methylbutyrate,520148.0,compound,food
8247,delta-Tetradecalactone,520296.0,compound,food
8248,3-Methylbutyl_2-methylbutanoate,520326.0,compound,food
8249,1-p-Menthen-9-al,520440.0,compound,food
8250,Octyl_2-methylbutyrate,520455.0,compound,food
8251,3-Mercapto-3-methyl-1-butanol,520682.0,compound,food
8252,"3,5-Diethyl-1,2,4-trithiolane",520895.0,compound,food
8253,"4,8-Methanoazulen-9-ol,_decahydro-2,2,4,8-tetramethyl-,_stereoisomer",521185.0,compound,food
8254,3-Octyl_acetate,521238.0,compound,food
8255,3-oxobutan-2-yl_acetate,521246.0,compound,food
8256,(-)-Zingiberene,521253.0,compound,food
8257,1-Hydroxybutan-2-one,521300.0,compound,food
8258,STK020088,521332.0,compound,food
8259,gamma-Selinene,521334.0,compound,food
8260,"Naphthalene,_1,2,4a,5,8,8a-hexahydro-4,7-dimethyl-1-(1-methylethyl)-",521380.0,compound,food
8261,S-Methyl_propanethioate,521869.0,compound,food
8262,"2-Furanmethanethiol,_5-methyl-",521873.0,compound,food
8263,2-heptanethiol,522071.0,compound,food
8264,Isopropyl_2-methylbutyrate,522214.0,compound,food
8265,Spathulenol,522266.0,compound,food
8266,Butyl_propyl_disulfide,522458.0,compound,food
8267,Methyl_pentyl_disulfide,522459.0,compound,food
8268,Linaloyl_oxide,522514.0,compound,food
8269,Isoamyl_nonanoate,522676.0,compound,food
8270,"2,3-Dehydro-1,8-cineole",523035.0,compound,food
8271,"2,6-Dimethoxy-4-propylphenol",524975.0,compound,food
8272,ethyl_methyl_trisulfide,525358.0,compound,food
8273,Methyl_5-acetoxyhexanoate,526152.0,compound,food
8274,4-Methoxy-2-methyl-2-butanethiol,526195.0,compound,food
8275,3-Mercapto-3-methylbutyl_formate,526487.0,compound,food
8276,Bis(2-methyl-3-furyl)disulfide,526624.0,compound,food
8277,"1,3-p-Menthadien-7-al",526762.0,compound,food
8278,"1-(3,4-dihydro-2H-1,4-thiazin-5-yl)ethanone",526853.0,compound,food
8279,P-Menth-1-en-9-yl_acetate,527144.0,compound,food
8280,3-Mercapto-2-methylpentanal,527435.0,compound,food
8281,42348-12-9,528698.0,compound,food
8282,.alpha.-Calacorene,528708.0,compound,food
8283,101517-87-7,529056.0,compound,food
8284,2-propionyl-1-pyrroline,529251.0,compound,food
8285,Acetoyl_butyrate,529253.0,compound,food
8286,UNII-H5E892YJGG,529388.0,compound,food
8287,"3-methylnonane-2,4-dione",529481.0,compound,food
8288,2-Heptyl_butanoate,529496.0,compound,food
8289,"5,6-dimethyloxan-2-one",544628.0,compound,food
8290,Ethyl_3-methylpentanoate,560255.0,compound,food
8291,Menthyl_isovalerate,565690.0,compound,food
8292,1-Phenylethyl_isobutyrate,569214.0,compound,food
8293,"2-isobutyl-4,5-dimethyloxazole",574068.0,compound,food
8294,Dehydrodihydroionone,577126.0,compound,food
8295,"3,5-Dimethyl-2-isobutylpyrazine",578817.0,compound,food
8296,Dihydro-beta-ionol,579336.0,compound,food
8297,Dill_ether,586292.0,compound,food
8298,"4-Methyl-2-phenyl-1,3-dioxolane",595928.0,compound,food
8299,"2,6-Nonadienal",636687.0,compound,food
8300,cinnamaldehyde,637511.0,compound,food
8301,Methyl_cinnamate,637520.0,compound,food
8302,p-coumaric_acid,637542.0,compound,food
8303,trans-Anethole,637563.0,compound,food
8304,"2,4-Hexadienal",637564.0,compound,food
8305,Geraniol,637566.0,compound,food
8306,Ethyl_Cinnamate,637758.0,compound,food
8307,Benzalacetone,637759.0,compound,food
8308,Sinapic_Acid,637775.0,compound,food
8309,Methylisoeugenol,637776.0,compound,food
8310,Methyl_propenyl_ketone,637920.0,compound,food
8311,Citral,638011.0,compound,food
8312,Beta-Ionone,638014.0,compound,food
8313,piperine,638024.0,compound,food
8314,2-Pentenoic_Acid,638122.0,compound,food
8315,isoliquiritigenin,638278.0,compound,food
8316,Farnesyl_acetate,638500.0,compound,food
8317,Xanthohumol,639665.0,compound,food
8318,4-Hexen-1-Ol,641248.0,compound,food
8319,"2,4-Hexadien-1-Ol",641256.0,compound,food
8320,4-Methoxycinnamaldehyde,641294.0,compound,food
8321,2-Methoxycinnamaldehyde,641298.0,compound,food
8322,4-Methyl-2-pentenoic_acid,642039.0,compound,food
8323,Butylidenephthalide,642376.0,compound,food
8324,UNII-847O2V0IOA,642793.0,compound,food
8325,(-)-Mintlactone,642875.0,compound,food
8326,3-Hexenal,643139.0,compound,food
8327,Violet_leaf_aldehyde,643731.0,compound,food
8328,cis-Aconitic_acid,643757.0,compound,food
8329,Neral,643779.0,compound,food
8330,nerol,643820.0,compound,food
8331,Angelic_acid,643915.0,compound,food
8332,cis-3-Hexenal,643941.0,compound,food
8333,cis-Crotonaldehyde,643950.0,compound,food
8334,CID_644104,644104.0,compound,food
8335,AC1LCV7P,656566.0,compound,food
8336,AC1LDI49,667450.0,compound,food
8337,623-15-4,735940.0,compound,food
8338,Isobutyl_cinnamate,778574.0,compound,food
8339,Isoeugenol,853433.0,compound,food
8340,(-)-Borneol,1201518.0,compound,food
8341,D-Fenchone,1201521.0,compound,food
8342,Nootkatone,1268142.0,compound,food
8343,Capsaicin,1548943.0,compound,food
8344,cis-Jasmone,1549018.0,compound,food
8345,Neryl_acetate,1549025.0,compound,food
8346,Geranyl_Acetate,1549026.0,compound,food
8347,cis-Anethole,1549040.0,compound,food
8348,cis-Isoeugenol,1549041.0,compound,food
8349,cis-Methylisoeugenol,1549045.0,compound,food
8350,3-(2-Furyl)acrolein,1549521.0,compound,food
8351,Geranylacetone,1549778.0,compound,food
8352,Ethyl_Sorbate,1550470.0,compound,food
8353,Cinnamonitrile,1550846.0,compound,food
8354,Hexyl_cinnamic_aldehyde,1550884.0,compound,food
8355,23726-92-3,1616260.0,compound,food
8356,UNII-3KCT4WMT7E,1711944.0,compound,food
8357,Farnesyl_acetone,1711945.0,compound,food
8358,Nerylacetone,1713001.0,compound,food
8359,Caryophyllene_oxide,1742211.0,compound,food
8360,trans-2-Hexenyl_acetate,2733294.0,compound,food
8361,"2,3-Dimethylbenzofuran",2734646.0,compound,food
8362,"2,5-dimethylthiophene-3-carbaldehyde",2762759.0,compound,food
8363,"2,5-Dimethyl-4-ethoxy-3(2H)-furanone",3017596.0,compound,food
8364,80417-97-6,3018936.0,compound,food
8365,Bisabolene,3033866.0,compound,food
8366,T-Muurolol,3084331.0,compound,food
8367,"3-Methylcyclohexane-1,2-dione",3321360.0,compound,food
8368,STK737742,3648225.0,compound,food
8369,489-53-2,3819217.0,compound,food
8370,19322-27-1,4564493.0,compound,food
8371,Sedanolide,5018391.0,compound,food
8372,Isopentyl_cinnamate,5273467.0,compound,food
8373,Geranic_Acid,5275520.0,compound,food
8374,5-hydroxy-1-(4-hydroxy-3-methoxyphenyl)tetradecan-3-one,5275726.0,compound,food
8375,quercetin,5280343.0,compound,food
8376,Phytol,5280435.0,compound,food
8377,apigenin,5280443.0,compound,food
8378,luteolin,5280445.0,compound,food
8379,Vomifoliol,5280462.0,compound,food
8380,(Z)-cinnamyl_alcohol,5280511.0,compound,food
8381,Farnesal,5280598.0,compound,food
8382,Chrysoeriol,5280666.0,compound,food
8383,Isoquercitrin,5280804.0,compound,food
8384,kaempferol,5280863.0,compound,food
8385,3025-30-7,5281162.0,compound,food
8386,Ethyl_tiglate,5281163.0,compound,food
8387,(Z)-Hex-3-en-1-ol,5281167.0,compound,food
8388,trans-2-Hexenal,5281168.0,compound,food
8389,butein,5281222.0,compound,food
8390,Harmane,5281404.0,compound,food
8391,Beta-Caryophyllene,5281515.0,compound,food
8392,alpha-Farnesene,5281516.0,compound,food
8393,(E)-beta-farnesene,5281517.0,compound,food
8394,Humulene,5281520.0,compound,food
8395,Alpha-Sinensal,5281534.0,compound,food
8396,beta-Sinensal,5281535.0,compound,food
8397,Oleuropein,5281544.0,compound,food
8398,Ocimene,5281553.0,compound,food
8399,chrysin,5281607.0,compound,food
8400,"3,7,4'-Trihydroxyflavone",5281611.0,compound,food
8401,Fisetin,5281614.0,compound,food
8402,Genkwanin,5281617.0,compound,food
8403,Isorhamnetin,5281654.0,compound,food
8404,morin,5281670.0,compound,food
8405,Quercetagetin,5281680.0,compound,food
8406,Scutellarein,5281697.0,compound,food
8407,Tricetin,5281701.0,compound,food
8408,Coumestrol,5281707.0,compound,food
8409,daidzein,5281708.0,compound,food
8410,Prunetin,5281804.0,compound,food
8411,Methyl_jasmonate,5281929.0,compound,food
8412,Alpha-Ionone,5282108.0,compound,food
8413,Geranyl_formate,5282109.0,compound,food
8414,Cinnamyl_acetate,5282110.0,compound,food
8415,Ethyl_Linoleate,5282184.0,compound,food
8416,trans-2-Hexenoic_acid,5282707.0,compound,food
8417,trans-3-Hexenoic_acid,5282708.0,compound,food
8418,2-Decenoic_acid,5282724.0,compound,food
8419,4-Decenoic_acid,5282726.0,compound,food
8420,(E)-Hept-2-enal,5283316.0,compound,food
8421,"trans,trans-2,4-Heptadienal",5283321.0,compound,food
8422,trans-2-Octenal,5283324.0,compound,food
8423,"(2E,4E)-Octa-2,4-dienal",5283329.0,compound,food
8424,trans-2-Nonenal,5283335.0,compound,food
8425,"trans,trans-2,4-Nonadienal",5283339.0,compound,food
8426,trans-2-Decenal,5283345.0,compound,food
8427,"(2E,4E)-deca-2,4-dienal",5283349.0,compound,food
8428,2-Undecenal,5283356.0,compound,food
8429,trans-2-Dodecenal,5283361.0,compound,food
8430,Methyl_Linoleate,5284421.0,compound,food
8431,trans-3-Hexen-1-ol,5284503.0,compound,food
8432,Nerolidol,5284507.0,compound,food
8433,NSC5112,5284639.0,compound,food
8434,(Z)-Ethyl_cinnamate,5284656.0,compound,food
8435,50-69-1,5311110.0,compound,food
8436,AC1NST8Q,5315594.0,compound,food
8437,cinnamyl_alcohol,5315892.0,compound,food
8438,(Z)-Cinnamyl_acetate,5315912.0,compound,food
8439,Falcarindiol,5317309.0,compound,food
8440,beta-cis-farnesene,5317319.0,compound,food
8441,trans-2-Hexen-1-Ol,5318042.0,compound,food
8442,AC1NSWDQ,5318103.0,compound,food
8443,trans-2-Octen-1-Ol,5318599.0,compound,food
8444,Juniper_camphor,5318734.0,compound,food
8445,Methyl_Linolenate,5319706.0,compound,food
8446,2-Methyl-2-Pentenal,5319754.0,compound,food
8447,Methyl_propyl_trisulfide,5319765.0,compound,food
8448,(Z)-Beta-Ocimene,5320250.0,compound,food
8449,Propenyl_propyl_disulfide,5320722.0,compound,food
8450,Tiglic_aldehyde,5321950.0,compound,food
8451,Caryophyllene,5322111.0,compound,food
8452,Methyl_sorbate,5323650.0,compound,food
8453,cis-2-Hexen-1-ol,5324489.0,compound,food
8454,Neryl_butyrate,5352162.0,compound,food
8455,(Z)-4-Hydroxy-6-dodecenoic_acid_lactone,5352428.0,compound,food
8456,(E)-gamma-Bisabolene,5352437.0,compound,food
8457,16491-36-4,5352438.0,compound,food
8458,68698-59-9,5352460.0,compound,food
8459,trans-2-Hexenyl_butyrate,5352461.0,compound,food
8460,2-Hexenyl_propanoate,5352463.0,compound,food
8461,"5,6-Epoxy-beta-ionone",5352481.0,compound,food
8462,41519-23-7,5352539.0,compound,food
8463,cis-3-Hexenyl_hexanoate,5352543.0,compound,food
8464,Jasmine_lactone,5352626.0,compound,food
8465,Ethyl_cis-4-octenoate,5352770.0,compound,food
8466,Methyl_(Z)-oct-4-enoate,5352774.0,compound,food
8467,4-DECENYL_ACETATE_(Z),5352830.0,compound,food
8468,cis-5-Octen-1-ol,5352837.0,compound,food
8469,"3,5-Octadien-2-one",5352876.0,compound,food
8470,"4-Propenyl-2,6-dimethoxyphenol",5352905.0,compound,food
8471,(E)-2-Hexenyl_hexanoate,5352973.0,compound,food
8472,MLS002702988,5353545.0,compound,food
8473,Cucurbitacine_E,5353547.0,compound,food
8474,Allyl_crotonate,5354763.0,compound,food
8475,cis-2-Nonenal,5354833.0,compound,food
8476,Neryl_formate,5354882.0,compound,food
8477,alpha-Methyl_cinnamaldehyde,5354896.0,compound,food
8478,Geranyl_propionate,5355853.0,compound,food
8479,Geranyl_butyrate,5355856.0,compound,food
8480,Peruviol,5356544.0,compound,food
8481,67860-38-2,5362572.0,compound,food
8482,Ethyl_trans-4-decenoate,5362583.0,compound,food
8483,81925-81-7,5362588.0,compound,food
8484,"Propyl_2,4-decadienoate",5362592.0,compound,food
8485,Ethyl_3-Hexenoate,5362622.0,compound,food
8486,2-Isopropyl-5-methyl-2-hexenal,5362661.0,compound,food
8487,cis-6-Nonenal,5362720.0,compound,food
8488,"3-Hexenoic_acid,_methyl_ester",5362782.0,compound,food
8489,cis-6-Nonen-1-ol,5362792.0,compound,food
8490,cis-4-Heptenal,5362814.0,compound,food
8491,Geranyl_isovalerate,5362830.0,compound,food
8492,"trans,cis-2,6-Nonadien-1-ol",5362833.0,compound,food
8493,5-Methyl-3-Hexen-2-One,5363140.0,compound,food
8494,3-Octen-2-One,5363229.0,compound,food
8495,Ethyl_oleate,5363269.0,compound,food
8496,cis-3-Hexenyl_pyruvate,5363291.0,compound,food
8497,cis-3-Hexenyl_acetate,5363388.0,compound,food
8498,Ocimene_quintoxide,5363526.0,compound,food
8499,gamma-Ionone,5363741.0,compound,food
8500,alpha-Ionol,5363817.0,compound,food
8501,4-Methyl-2-phenyl-2-pentenal,5363896.0,compound,food
8502,cis-3-Hexenyl_lactate,5364231.0,compound,food
8503,Ethyl_2-octenoate,5364399.0,compound,food
8504,Methyl_2-Hexenoate,5364409.0,compound,food
8505,Ethyl_elaidate,5364430.0,compound,food
8506,cis-3-Octen-1-ol,5364519.0,compound,food
8507,Methyl_oct-2-enoate,5364532.0,compound,food
8508,3-Hepten-2-One,5364578.0,compound,food
8509,trans-2-Pentenal,5364752.0,compound,food
8510,Ethyl_hex-2-enoate,5364778.0,compound,food
8511,cis-2-Penten-1-ol,5364919.0,compound,food
8512,trans-2-Penten-1-ol,5364920.0,compound,food
8513,trans-2-Nonen-1-ol,5364941.0,compound,food
8514,trans-2-Undecen-1-ol,5365004.0,compound,food
8515,cis-2-Nonen-1-ol,5365027.0,compound,food
8516,cis-3-Hexenyl_propionate,5365049.0,compound,food
8517,53398-85-9,5365069.0,compound,food
8518,cis-3-Hexenyl_formate,5365587.0,compound,food
8519,"3,6-Nonadien-1-ol,_(E,Z)-",5365706.0,compound,food
8520,"1,3-Hexadiene,_3-ethyl-2-methyl-",5365710.0,compound,food
8521,4-Hexen-3-One,5365811.0,compound,food
8522,2-Octen-4-one,5365891.0,compound,food
8523,2-Methyl-2-Pentenoic_Acid,5365909.0,compound,food
8524,Neryl_propionate,5365982.0,compound,food
8525,Neryl_isobutyrate,5365991.0,compound,food
8526,Geranyl_caproate,5365992.0,compound,food
8527,"2-Butenoic_acid,_hexyl_ester",5366038.0,compound,food
8528,Damascenone,5366074.0,compound,food
8529,alpha-Damascone,5366077.0,compound,food
8530,Phytol,5366244.0,compound,food
8531,Hotrienol,5366264.0,compound,food
8532,Acetaldehyde_ethyl_cis-3-hexenyl_acetal,5366352.0,compound,food
8533,"Disulfide,_methyl_1-propenyl",5366552.0,compound,food
8534,Methyl_3-nonenoate,5366844.0,compound,food
8535,"4-Octenoic_acid,_methyl_ester",5366856.0,compound,food
8536,"1,3,5-Undecatriene",5367412.0,compound,food
8537,"(2E,4E)-Dodeca-2,4-dienal",5367530.0,compound,food
8538,"(2E,4E)-Undeca-2,4-dienal",5367531.0,compound,food
8539,cis-3-Hexenyl_isovalerate,5367681.0,compound,food
8540,cis-3-Hexenyl_pentanoate,5367682.0,compound,food
8541,cis-3-Hexenyl_phenylacetate,5367698.0,compound,food
8542,cis-3-Hexenyl_benzoate,5367706.0,compound,food
8543,Methyl_jasmonate,5367719.0,compound,food
8544,Geranyl_tiglate,5367785.0,compound,food
8545,"1-Butene,_1-(methylthio)-,_(E)-",5368103.0,compound,food
8546,3-Oxo-alpha-ionol,5370052.0,compound,food
8547,"6-Methylhepta-3,5-dien-2-one",5370101.0,compound,food
8548,5-Methyl-2-phenyl-2-hexenal,5370602.0,compound,food
8549,alpha-Irone,5371002.0,compound,food
8550,Alpha-Methylcinnamaldehyde,5372813.0,compound,food
8551,cis-Cinnamic_acid,5372954.0,compound,food
8552,3-Propylidenephthalide,5373603.0,compound,food
8553,beta-Ionol,5373729.0,compound,food
8554,beta-Damascone,5374527.0,compound,food
8555,"5,7-Dihydroxyisoflavone",5377381.0,compound,food
8556,(2R)-2-isothiocyanatobutane,5399110.0,compound,food
8557,"methyl_(9E,12Z)-octadeca-9,12-dienoate",5462988.0,compound,food
8558,2-Hepten-4-One,5463238.0,compound,food
8559,"2,4-Decadienoic_acid_methyl_ester",5463485.0,compound,food
8560,"2-Octen-1-ol,_acetate",5463875.0,compound,food
8561,Ethyl_trans-2-decenoate,5463904.0,compound,food
8562,1-Ethoxy-3-methyl-2-butene,5463936.0,compound,food
8563,4-[(Z)-prop-1-enyl]phenol,5791138.0,compound,food
8564,4-Methyl-2-Pentenal,5916154.0,compound,food
8565,"2,4-Pentadienal",5986428.0,compound,food
8566,Angelaldehyde,6028462.0,compound,food
8567,Geranyl_isobutyrate,6086514.0,compound,food
8568,2-Methyl-3-(2-furyl)propenal,6210220.0,compound,food
8569,Isoborneol,6321405.0,compound,food
8570,Allyldimethylsilane,6329006.0,compound,food
8571,"(1Z,4Z)-germacrene_B",6370843.0,compound,food
8572,Ethyl_5-hexenoate,6420258.0,compound,food
8573,"2,4,7-Tridecatrienal,_(E,Z,Z)-",6421281.0,compound,food
8574,"2E,4Z-Decadienal",6427087.0,compound,food
8575,(-)-Isopinocamphone,6427105.0,compound,food
8576,p-Menthene-8-thiol,6427135.0,compound,food
8577,UNII-P6B6JD2N2Z,6427787.0,compound,food
8578,UNII-89JV2MJ158,6427788.0,compound,food
8579,Methyl_dl-jasmonate,6428089.0,compound,food
8580,Methyl_cis-cinnamate,6428458.0,compound,food
8581,"(1R,6S)-gamma-himachalene",6428535.0,compound,food
8582,"(2Z,4E)-nona-2,4-dienal",6428555.0,compound,food
8583,CHEBI:88903,6428573.0,compound,food
8584,"6,7-Dihydro-2,3-Dimethyl-5H-Cyclopentapyrazine",6428802.0,compound,food
8585,3-hydroxy-4-phenylbutan-2-one,6428929.0,compound,food
8586,Methialdol,6428936.0,compound,food
8587,trans-.alpha.-bergaptene,6428986.0,compound,food
8588,2-propionyl-2-thiazoline,6428990.0,compound,food
8589,cis-Cinnamaldehyde,6428995.0,compound,food
8590,2-Phenyl-2-Butenal,6429333.0,compound,food
8591,(Z)-4-Dodecenal,6430180.0,compound,food
8592,"cis-limonene_1,2_oxide",6430738.0,compound,food
8593,2-trans-6-cis-Dodecadienal,6430759.0,compound,food
8594,227456-27-1,6430888.0,compound,food
8595,"1-Butanol,_3-mercapto-2-methyl-",6430892.0,compound,food
8596,Cedr-8-ene,6431015.0,compound,food
8597,gamma-Eudesmol,6432005.0,compound,food
8598,Linalool_A_oxide,6432254.0,compound,food
8599,(+)-gamma-cadinene,6432404.0,compound,food
8600,Isomenthone,6432469.0,compound,food
8601,Bovolide,6433214.0,compound,food
8602,"(5E)-3,5-dimethylocta-1,5,7-trien-3-ol",6433750.0,compound,food
8603,"(Z,z)-3,6-nonadien-1-ol",6434541.0,compound,food
8604,2-Methyl-3-pentenoic_acid,6435866.0,compound,food
8605,4-methyl-2-phenylpent-2-enal,6435914.0,compound,food
8606,1-Popc,6436017.0,compound,food
8607,Ocimen_quintoxide,6436627.0,compound,food
8608,34686-71-0,6438070.0,compound,food
8609,Acetylvalerenolic_acid,6439585.0,compound,food
8610,caftaric_acid,6440397.0,compound,food
8611,Vitispirane,6450832.0,compound,food
8612,6753-98-6,6508206.0,compound,food
8613,Borneol,6552009.0,compound,food
8614,beta-SANTALOL,6857681.0,compound,food
8615,Sinigrin,6911854.0,compound,food
8616,Beta-Elemene,6918391.0,compound,food
8617,87-91-2,6993580.0,compound,food
8618,(E)-hex-2-enoate,6997366.0,compound,food
8619,Glucobrassicin,9601691.0,compound,food
8620,S-allyl-L-cysteine,9793905.0,compound,food
8621,Valencene,9855795.0,compound,food
8622,CID_9989713,9989713.0,compound,food
8623,beta-Bisabolene,10104370.0,compound,food
8624,alpha-Cadinol,10398656.0,compound,food
8625,Alpha-Selinene,10856614.0,compound,food
8626,2-Methylthioacetaldehyde,10887828.0,compound,food
8627,(Z)-Hex-4-enal,11094547.0,compound,food
8628,2-Mercapto-2-Methyl-1-Pentanol,11240503.0,compound,food
8629,"(E,E)-2,4-Decadienoic_isobutylamide",11368078.0,compound,food
8630,(R)-beta-himachalene,11586487.0,compound,food
8631,Sabinene_hydrate,11744854.0,compound,food
8632,Caryophyllene_alcohol,11746218.0,compound,food
8633,(-)-alpha-Himachalene,11830551.0,compound,food
8634,55896-93-0,12225100.0,compound,food
8635,CID_12305247,12305247.0,compound,food
8636,alpha-Muurolene,12306047.0,compound,food
8637,alpha-Cadinene,12306048.0,compound,food
8638,"2-Pentenal,_(Z)-",12365893.0,compound,food
8639,UNII-M41Y60O5BZ,12376292.0,compound,food
8640,Clove_Oil,12658395.0,compound,food
8641,(r)-(+)-dihydro-alpha-ionone,12858404.0,compound,food
8642,Ganoderic_acid_A,14109402.0,compound,food
8643,WLN:_R1U1VO1R,15558051.0,compound,food
8644,(+)-gamma-Gurjunene,15560285.0,compound,food
8645,99583-29-6,15801179.0,compound,food
8646,Vitamin_U,16217806.0,compound,food
8647,cis-3-Hexenyl_crotonate,16220110.0,compound,food
8648,CID_21159022,21159022.0,compound,food
8649,55123-21-2,21587486.0,compound,food
8650,HMDB05796,22833654.0,compound,food
8651,Potassium_Sorbate,23676745.0,compound,food
8652,"Santalol,_alpha-_and_beta-",24832101.0,compound,food
8653,"2-Propen-1-one,_3-(4-hydroxyphenyl)-1-phenyl-",25021769.0,compound,food
8654,(RS)-norcoclaurinium,44229138.0,compound,food
8655,S-Methyl_4-methylpentanethioate,46779070.0,compound,food
8656,D-Isoleucine_Methyl_Ester_Hydrochloride,53472027.0,compound,food
8657,l-ascorbic_acid,54670067.0,compound,food
8658,33368-82-0,57357963.0,compound,food
8659,156420-69-8,57370186.0,compound,food
8660,2-[(Methylthio)methyl]-2-butenal,57501028.0,compound,food
8661,(-)-alpha-Copaene,76319594.0,compound,food
8662,"Glycerides,_palm-oil_mono-_and_di-,_hydrogenated,_3-oxododecanoates",92043681.0,compound,food
8663,"Glycerides,_palm-oil_mono-_and_di-,_hydrogenated,_3-oxooctanoates",118855872.0,compound,food
7103,3-Methyl-2-oxobutanoic_acid,49.0,compound,food
7104,2-oxobutanoic_acid,58.0,compound,food
7105,4-Methyl-2-oxovaleric_acid,70.0,compound,food
7106,"3,4-Dihydroxybenzoic_Acid",72.0,compound,food
7107,3-Phenylpropanoic_acid,107.0,compound,food
7108,4-hydroxybenzyl_alcohol,125.0,compound,food
7109,4-hydroxybenzaldehyde,126.0,compound,food
7110,4-Hydroxybenzoic_Acid,135.0,compound,food
7111,acetic_acid,176.0,compound,food
7112,acetaldehyde,177.0,compound,food
7113,acetamide,178.0,compound,food
7114,acetoin,179.0,compound,food
7115,acetone,180.0,compound,food
7116,adipic_acid,196.0,compound,food
7117,benzaldehyde,240.0,compound,food
7118,benzoic_acid,243.0,compound,food
7119,benzyl_alcohol,244.0,compound,food
7120,betaine,247.0,compound,food
7121,butyraldehyde,261.0,compound,food
7122,"2,3-butanediol",262.0,compound,food
7123,1-butanol,263.0,compound,food
7124,butyric_acid,264.0,compound,food
7125,formic_acid,284.0,compound,food
7126,Aconitic_Acid,309.0,compound,food
7127,citric_acid,311.0,compound,food
7128,hydrochloric_acid,313.0,compound,food
7129,coumarin,323.0,compound,food
7130,4-isopropylbenzyl_alcohol,325.0,compound,food
7131,4-isopropylbenzaldehyde,326.0,compound,food
7132,2-Methoxy-4-vinylphenol,332.0,compound,food
7133,o-cresol,335.0,compound,food
7134,salicylic_acid,338.0,compound,food
7135,m-cresol,342.0,compound,food
7136,octane,356.0,compound,food
7137,octanoic_acid,379.0,compound,food
7138,hydrogen_sulfide,402.0,compound,food
7139,Octanal,454.0,compound,food
7140,guaiacol,460.0,compound,food
7141,4-Methylthio-2-oxobutanoic_acid,473.0,compound,food
7142,Propionaldehyde,527.0,compound,food
7143,Dl-Alanine,602.0,compound,food
7144,lactic_acid,612.0,compound,food
7145,"2,3-butanedione",650.0,compound,food
7146,dihydrocoumarin,660.0,compound,food
7147,dimethyl_sulfoxide,679.0,compound,food
7148,ethanol,702.0,compound,food
7149,Glutaric_Acid,743.0,compound,food
7150,glycerol,753.0,compound,food
7151,hydrogen_cyanide,768.0,compound,food
7152,hydrogen_peroxide,784.0,compound,food
7153,indole,798.0,compound,food
7154,indole-3-acetic_acid,802.0,compound,food
7155,DL-Tartaric_acid,875.0,compound,food
7156,Dl-Methionine,876.0,compound,food
7157,methanethiol,878.0,compound,food
7158,methylglyoxal,880.0,compound,food
7159,methanol,887.0,compound,food
7160,naphthalene,931.0,compound,food
7161,1-octanol,957.0,compound,food
7162,3-Hydroxypyruvic_acid,964.0,compound,food
7163,palmitic_acid,985.0,compound,food
7164,Dl-Phenylalanine,994.0,compound,food
7165,phenol,996.0,compound,food
7166,phenylacetaldehyde,998.0,compound,food
7167,Phenylacetic_Acid,999.0,compound,food
7168,Phenethylamine,1001.0,compound,food
7169,"1,2-propanediol",1030.0,compound,food
7170,1-propanol,1031.0,compound,food
7171,propionic_acid,1032.0,compound,food
7172,Pyridine,1049.0,compound,food
7173,Pyruvic_acid,1060.0,compound,food
7174,dimethyl_sulfide,1068.0,compound,food
7175,succinic_acid,1110.0,compound,food
7176,sulfur_dioxide,1119.0,compound,food
7177,taurine,1123.0,compound,food
7178,thiamine,1130.0,compound,food
7179,4-Methyl-5-Thiazoleethanol,1136.0,compound,food
7180,toluene,1140.0,compound,food
7181,trimethylamine,1146.0,compound,food
7182,DL-Valine,1182.0,compound,food
7183,vanillin,1183.0,compound,food
7184,"4a(2H)-Naphthol,_octahydro-4,8a-dimethyl-",1213.0,compound,food
7185,"2,4-dihydroxybenzoic_acid",1491.0,compound,food
7186,DL-Liquiritigenin,1889.0,compound,food
7187,Acetovanillone,2214.0,compound,food
7188,Benzyl_Benzoate,2345.0,compound,food
7189,benzyl_isothiocyanate,2346.0,compound,food
7190,caffeine,2519.0,compound,food
7191,Cinchonidine,2757.0,compound,food
7192,Eucalyptol,2758.0,compound,food
7193,P-Cresol,2879.0,compound,food
7194,Decanoic_acid,2969.0,compound,food
7195,Nonivamide,2998.0,compound,food
7196,dibutyl_phthalate,3026.0,compound,food
7197,Benzophenone,3102.0,compound,food
7198,eugenol,3314.0,compound,food
7199,gingerol,3473.0,compound,food
7200,isopropanol,3776.0,compound,food
7201,lanatoside_C,3879.0,compound,food
7202,lauric_acid,3893.0,compound,food
7203,methoxsalen,4114.0,compound,food
7204,methyl_salicylate,4133.0,compound,food
7205,Myristicin,4276.0,compound,food
7206,"1-(4-{[4,5-dihydroxy-6-(hydroxymethyl)-3-[(3,4,5-trihydroxy-6-methyloxan-2-yl)oxy]oxan-2-yl]oxy}-2,6-dihydroxyphenyl)-3-(3-hydroxy-4-methoxyphenyl)propan-1-one",4453.0,compound,food
7207,papaverine,4680.0,compound,food
7208,phloretin,4788.0,compound,food
7209,propyl_gallate,4947.0,compound,food
7210,resorcinol,5054.0,compound,food
7211,safrole,5144.0,compound,food
7212,stearic_acid,5281.0,compound,food
7213,theobromine,5429.0,compound,food
7214,triacetin,5541.0,compound,food
7215,tyramine,5610.0,compound,food
7216,10-Undecenoic_Acid,5634.0,compound,food
7217,D-Sorbitol,5780.0,compound,food
7218,L-aspartic_acid,5960.0,compound,food
7219,L-lysine,5962.0,compound,food
7220,Allyl_Isothiocyanate,5971.0,compound,food
7221,Tributyrin,6050.0,compound,food
7222,2-Phenylethanol,6054.0,compound,food
7223,Phlorizin,6072.0,compound,food
7224,L-phenylalanine,6140.0,compound,food
7225,Hexanal,6184.0,compound,food
7226,Thiamine_Hydrochloride,6202.0,compound,food
7227,Dimethyl_sulfone,6213.0,compound,food
7228,D-mannitol,6251.0,compound,food
7229,L-histidine,6274.0,compound,food
7230,1-Pentanol,6276.0,compound,food
7231,L-arginine,6322.0,compound,food
7232,Ethanamine,6341.0,compound,food
7233,Ethanethiol,6343.0,compound,food
7234,Dichloromethane,6344.0,compound,food
7235,Isopropylamine,6363.0,compound,food
7236,2-Propanethiol,6364.0,compound,food
7237,2-Methyl-2-Butanol,6405.0,compound,food
7238,Bornyl_Acetate,6448.0,compound,food
7239,3-Methyl-3-Pentanol,6493.0,compound,food
7240,Triethyl_Citrate,6506.0,compound,food
7241,Linalyl_isobutyrate,6532.0,compound,food
7242,Isophorone,6544.0,compound,food
7243,Linalool,6549.0,compound,food
7244,Isobutylamine,6558.0,compound,food
7245,2-Methyl-1-propanol,6560.0,compound,food
7246,Isobutyraldehyde,6561.0,compound,food
7247,2-Butanol,6568.0,compound,food
7248,2-Butanone,6569.0,compound,food
7249,Methyl_Acetate,6584.0,compound,food
7250,Isobutyric_Acid,6590.0,compound,food
7251,Camphene,6616.0,compound,food
7252,Alpha-Pinene,6654.0,compound,food
7253,80-71-7,6660.0,compound,food
7254,3-Methylindole,6736.0,compound,food
7255,Methyl_2-(methylamino)benzoate,6826.0,compound,food
7256,Isoamyl_salicylate,6874.0,compound,food
7257,Ethyl_2-aminobenzoate,6877.0,compound,food
7258,2-Ethylbutyric_Acid,6915.0,compound,food
7259,2-Furoic_Acid,6919.0,compound,food
7260,2-Acetylthiophene,6920.0,compound,food
7261,2-Isopropylphenol,6943.0,compound,food
7262,Guaiene,6949.0,compound,food
7263,"2',4'-Dimethylacetophenone",6985.0,compound,food
7264,2-Isopropyl-5-methylcyclohexanone,6986.0,compound,food
7265,Piperitone,6987.0,compound,food
7266,Pulegone,6988.0,compound,food
7267,Thymol,6989.0,compound,food
7268,Salicylaldehyde,6998.0,compound,food
7269,1-Methylnaphthalene,7002.0,compound,food
7270,"2,6-Dimethoxyphenol",7041.0,compound,food
7271,"1,2-Dimethoxybenzene",7043.0,compound,food
7272,Quinoline,7047.0,compound,food
7273,2-Methylnaphthalene,7055.0,compound,food
7274,6-Methylquinoline,7059.0,compound,food
7275,Biphenyl,7095.0,compound,food
7276,Methyleugenol,7127.0,compound,food
7277,Acetyleugenol,7136.0,compound,food
7278,2-Methoxy-4-Methylphenol,7144.0,compound,food
7279,2-Phenylpropanal,7146.0,compound,food
7280,Propiophenone,7148.0,compound,food
7281,Methyl_Benzoate,7150.0,compound,food
7282,Methyl_Nicotinate,7151.0,compound,food
7283,Ethyl_Benzoate,7165.0,compound,food
7284,Isopentyl_benzoate,7193.0,compound,food
7285,Phenethyl_benzoate,7194.0,compound,food
7286,Benzothiazole,7222.0,compound,food
7287,O-Xylene,7237.0,compound,food
7288,"1,2,4-Trimethylbenzene",7247.0,compound,food
7289,"3,4-Dimethylphenol",7249.0,compound,food
7290,"2,5-Dimethylphenol",7267.0,compound,food
7291,2-Methylbutyraldehyde,7284.0,compound,food
7292,3-Pentanone,7288.0,compound,food
7293,gamma-Butyrolactone,7302.0,compound,food
7294,Carvyl_Acetate,7335.0,compound,food
7295,2-Methylpentanoic_acid,7341.0,compound,food
7296,Ethyl_Isobutyrate,7342.0,compound,food
7297,Ethyl_Lactate,7344.0,compound,food
7298,Isobutyl_isobutyrate,7351.0,compound,food
7299,Butyl_isobutyrate,7353.0,compound,food
7300,2-Ethylbutanal,7359.0,compound,food
7301,Tetrahydrofurfuryl_Alcohol,7360.0,compound,food
7302,Furfuryl_Alcohol,7361.0,compound,food
7303,2-Furaldehyde,7362.0,compound,food
7304,Furfuryl_mercaptan,7363.0,compound,food
7305,Thiophene-2-carbaldehyde,7364.0,compound,food
7306,4-tert-Butylphenol,7393.0,compound,food
7307,1-Phenylethanol,7409.0,compound,food
7308,Acetophenone,7410.0,compound,food
7309,Carveol,7438.0,compound,food
7310,Carvone,7439.0,compound,food
7311,Methyl_4-hydroxybenzoate,7456.0,compound,food
7312,p-Menthane,7459.0,compound,food
7313,Alpha-Phellandrene,7460.0,compound,food
7314,Gamma-Terpinene,7461.0,compound,food
7315,Alpha-Terpinene,7462.0,compound,food
7316,P-Cymene,7463.0,compound,food
7317,4-Isopropylphenol,7465.0,compound,food
7318,4'-Hydroxyacetophenone,7469.0,compound,food
7319,4'-Methoxyacetophenone,7476.0,compound,food
7320,4-Methoxybenzoic_Acid,7478.0,compound,food
7321,Styrene,7501.0,compound,food
7322,Benzyl_Mercaptan,7509.0,compound,food
7323,Anisole,7519.0,compound,food
7324,Thioanisole,7520.0,compound,food
7325,2-Ethylpyridine,7523.0,compound,food
7326,2-Methyl-1-phenyl-2-propanol,7531.0,compound,food
7327,Methyl_Phenylacetate,7559.0,compound,food
7328,Diphenyl_oxide,7583.0,compound,food
7329,Ethyl_Phenylacetate,7590.0,compound,food
7330,102-19-2,7600.0,compound,food
7331,Methyl_3-phenylpropionate,7643.0,compound,food
7332,Benzyl_isobutyrate,7646.0,compound,food
7333,Benzyl_butyrate,7650.0,compound,food
7334,Benzyl_isovalerate,7651.0,compound,food
7335,Phenethyl_acetate,7654.0,compound,food
7336,Phenethyl_isobutyrate,7655.0,compound,food
7337,Benzyl_ether,7657.0,compound,food
7338,Phenethyl_butyrate,7658.0,compound,food
7339,103-61-7,7664.0,compound,food
7340,4-Methoxybenzyl_acetate,7695.0,compound,food
7341,104-50-7,7704.0,compound,food
7342,3-Phenylpropanal,7707.0,compound,food
7343,Benzyl_formate,7708.0,compound,food
7344,gamma-Nonanolactone,7710.0,compound,food
7345,2-Phenylethyl_formate,7711.0,compound,food
7346,Gamma-undecalactone,7714.0,compound,food
7347,2-Ethylhexan-1-ol,7720.0,compound,food
7348,p-Tolualdehyde,7725.0,compound,food
7349,5-Ethyl-2-methylpyridine,7728.0,compound,food
7350,4-Methylanisole,7731.0,compound,food
7351,4-Methoxybenzyl_Alcohol,7738.0,compound,food
7352,gamma-Heptalactone,7742.0,compound,food
7353,Ethyl_Propionate,7749.0,compound,food
7354,3-Methylvaleric_acid,7755.0,compound,food
7355,Diethyl_Malonate,7761.0,compound,food
7356,Ethyl_Butyrate,7762.0,compound,food
7357,Acetal,7765.0,compound,food
7358,Propyl_butyrate,7770.0,compound,food
7359,Isoamyl_propionate,7772.0,compound,food
7360,Isobutyl_hexanoate,7775.0,compound,food
7361,Citronellyl_formate,7778.0,compound,food
7362,"3,7-Dimethyl-1-octanol",7792.0,compound,food
7363,Citronellal,7794.0,compound,food
7364,Isoamyl_butyrate,7795.0,compound,food
7365,Ethyl_Heptanoate,7797.0,compound,food
7366,Ethyl_Octanoate,7799.0,compound,food
7367,Ethyl_dodecanoate,7800.0,compound,food
7368,3-Heptanone,7802.0,compound,food
7369,Propyl_Propionate,7803.0,compound,food
7370,P-Xylene,7809.0,compound,food
7371,Dimethyl_Succinate,7820.0,compound,food
7372,Methyl_Hexanoate,7824.0,compound,food
7373,Methyl_Heptanoate,7826.0,compound,food
7374,Acrolein,7847.0,compound,food
7375,1-Propanethiol,7848.0,compound,food
7376,Propylamine,7852.0,compound,food
7377,Allyl_Alcohol,7858.0,compound,food
7378,Hydroxycitronellal,7888.0,compound,food
7379,Isoamylamine,7894.0,compound,food
7380,2-Pentanone,7895.0,compound,food
7381,"1,3-Butanediol",7896.0,compound,food
7382,4-Methyl-2-pentanone,7909.0,compound,food
7383,Isopropyl_Acetate,7915.0,compound,food
7384,Acetic_Anhydride,7918.0,compound,food
7385,gamma-Valerolactone,7921.0,compound,food
7386,M-Xylene,7929.0,compound,food
7387,"2,6-Dimethylpyridine",7937.0,compound,food
7388,"2,6-Dimethylpyrazine",7938.0,compound,food
7389,Dimethyl_malonate,7943.0,compound,food
7390,Ethyl_Isovalerate,7945.0,compound,food
7391,Mesitylene,7947.0,compound,food
7392,"2,6-Dimethyl-4-heptanol",7957.0,compound,food
7393,"2,6-Dimethyl-4-heptanone",7958.0,compound,food
7394,Methylcyclohexane,7962.0,compound,food
7395,Chlorobenzene,7964.0,compound,food
7396,Cyclohexanol,7966.0,compound,food
7397,Cyclohexanone,7967.0,compound,food
7398,2-Methylpyridine,7975.0,compound,food
7399,2-Methylpyrazine,7976.0,compound,food
7400,Butyl_Isovalerate,7981.0,compound,food
7401,Butyl_butyrate,7983.0,compound,food
7402,Valeric_acid,7991.0,compound,food
7403,Propyl_acetate,7997.0,compound,food
7404,Pentane,8003.0,compound,food
7405,Butylamine,8007.0,compound,food
7406,1-Butanethiol,8012.0,compound,food
7407,Diethylamine,8021.0,compound,food
7408,Ethyl_Formate,8025.0,compound,food
7409,Pyrrole,8027.0,compound,food
7410,Isobutyl_Acetate,8038.0,compound,food
7411,Isopropyl_Myristate,8042.0,compound,food
7412,Ethyl_Decanoate,8048.0,compound,food
7413,2-Heptanone,8051.0,compound,food
7414,Isopentyl_formate,8052.0,compound,food
7415,Hexane,8058.0,compound,food
7416,Amylamine,8060.0,compound,food
7417,Pentanal,8063.0,compound,food
7418,Propyl_Formate,8073.0,compound,food
7419,Diethyl_Disulfide,8077.0,compound,food
7420,Piperidine,8082.0,compound,food
7421,Methyl_octanoate,8091.0,compound,food
7422,Octan-2-one,8093.0,compound,food
7423,Heptanoic_Acid,8094.0,compound,food
7424,1-Hexanol,8103.0,compound,food
7425,1-Hexanethiol,8106.0,compound,food
7426,Propyl_sulfide,8118.0,compound,food
7427,Ethyl_Stearate,8122.0,compound,food
7428,1-Heptanol,8129.0,compound,food
7429,Heptanal,8130.0,compound,food
7430,Methyl_Dodecanoate,8139.0,compound,food
7431,Nonane,8141.0,compound,food
7432,Nonanoic_Acid,8158.0,compound,food
7433,Heptyl_acetate,8159.0,compound,food
7434,2-Undecanone,8163.0,compound,food
7435,Octyl_acetate,8164.0,compound,food
7436,Decyl_Acetate,8167.0,compound,food
7437,Heptyl_formate,8169.0,compound,food
7438,1-Decanol,8174.0,compound,food
7439,Decanal,8175.0,compound,food
7440,Undecanoic_Acid,8180.0,compound,food
7441,Methyl_Palmitate,8181.0,compound,food
7442,Dodecane,8182.0,compound,food
7443,1-Undecanol,8184.0,compound,food
7444,Undecanal,8186.0,compound,food
7445,10-Undecenal,8187.0,compound,food
7446,1-Dodecanol,8193.0,compound,food
7447,Dodecanal,8194.0,compound,food
7448,Methyl_Stearate,8201.0,compound,food
7449,Dodecyl_Acetate,8205.0,compound,food
7450,Eicosane,8222.0,compound,food
7451,2-Methyl-3-Buten-2-Ol,8257.0,compound,food
7452,Linalyl_Acetate,8294.0,compound,food
7453,2-Methylbutanoic_acid,8314.0,compound,food
7454,Benzyl_Salicylate,8363.0,compound,food
7455,Ethyl_salicylate,8365.0,compound,food
7456,Maltol,8369.0,compound,food
7457,2'-Hydroxyacetophenone,8375.0,compound,food
7458,Isoquinoline,8405.0,compound,food
7459,"3,4-Dimethoxybenzaldehyde",8419.0,compound,food
7460,1-Phenylethyl_propionate,8432.0,compound,food
7461,Piperonal,8438.0,compound,food
7462,Cyclopentanone,8452.0,compound,food
7463,Vanillic_acid,8468.0,compound,food
7464,Methyl_4-Methoxybenzoate,8499.0,compound,food
7465,4'-Methylacetophenone,8500.0,compound,food
7466,Methyl_Anthranilate,8635.0,compound,food
7467,Syringaldehyde,8655.0,compound,food
7468,2-Methoxybenzaldehyde,8658.0,compound,food
7469,Butyl_Benzoate,8698.0,compound,food
7470,2-Methylbenzenethiol,8712.0,compound,food
7471,2-Methyl-1-Butanol,8723.0,compound,food
7472,Butyl_Lactate,8738.0,compound,food
7473,Beta-Terpineol,8748.0,compound,food
7474,"3,4-Dihydroxybenzaldehyde",8768.0,compound,food
7475,Benzyl_Acetate,8785.0,compound,food
7476,Phenylethyl_isovalerate,8792.0,compound,food
7477,Estragole,8815.0,compound,food
7478,Ethyl_Acrylate,8821.0,compound,food
7479,Citronellyl_propionate,8834.0,compound,food
7480,Citronellyl_butyrate,8835.0,compound,food
7481,Citronellol,8842.0,compound,food
7482,Ethyl_Acetate,8857.0,compound,food
7483,Mesityl_Oxide,8858.0,compound,food
7484,Hydroxycitronellal_dimethyl_acetal,8863.0,compound,food
7485,ethyl_acetoacetate,8868.0,compound,food
7486,Hexanoic_Acid,8892.0,compound,food
7487,Heptane,8900.0,compound,food
7488,Isopropyl_Palmitate,8907.0,compound,food
7489,Hexyl_acetate,8908.0,compound,food
7490,1-Nonanol,8914.0,compound,food
7491,Nonyl_Acetate,8918.0,compound,food
7492,4-Methoxyphenol,9015.0,compound,food
7493,"1,4-Dimethoxybenzene",9016.0,compound,food
7494,Citronellyl_acetate,9017.0,compound,food
7495,"1,3-Dimethoxybenzene",9025.0,compound,food
7496,Cianidanol,9064.0,compound,food
7497,Thiazole,9256.0,compound,food
7498,Pyrazine,9261.0,compound,food
7499,Piperonyl_Acetate,9473.0,compound,food
7500,3-Acetylpyridine,9589.0,compound,food
7501,Diethyl_sulfide,9609.0,compound,food
7502,6-Methyl-5-Hepten-2-One,9862.0,compound,food
7503,beta-Cyclocitral,9895.0,compound,food
7504,"1,4-Cineole",10106.0,compound,food
7505,483-77-2,10224.0,compound,food
7506,Dillapiole,10231.0,compound,food
7507,Elemicin,10248.0,compound,food
7508,Thymoquinone,10281.0,compound,food
7509,Piperitol,10282.0,compound,food
7510,2(5H)-Furanone,10341.0,compound,food
7511,Carvomenthone,10362.0,compound,food
7512,Carvacrol,10364.0,compound,food
7513,2-(4-Hydroxyphenyl)ethanol,10393.0,compound,food
7514,Citronellic_acid,10402.0,compound,food
7515,(E)-.beta.-Farnesene,10407.0,compound,food
7516,"6,10,14-Trimethylpentadecan-2-one",10408.0,compound,food
7517,Isovaleric_Acid,10430.0,compound,food
7518,3-methylthiopropanol,10448.0,compound,food
7519,"1,3-Dithiane",10451.0,compound,food
7520,"1,4-Dithiane",10452.0,compound,food
7521,"Bicyclo[2.2.1]heptane,_2-methyl-3-methylene-2-(4-methyl-3-pentenyl)-,_(1S-exo)-",10534.0,compound,food
7522,Isobutyl_mercaptan,10558.0,compound,food
7523,Myrtenol,10582.0,compound,food
7524,Bisabolol,10586.0,compound,food
7525,Apiole,10659.0,compound,food
7526,Flavone,10680.0,compound,food
7527,2-Isopropyltoluene,10703.0,compound,food
7528,2-Methylbenzaldehyde,10722.0,compound,food
7529,7-Methoxycoumarin,10748.0,compound,food
7530,"1,1-Dimethoxyethane",10795.0,compound,food
7531,2-Methylfuran,10797.0,compound,food
7532,M-Cymene,10812.0,compound,food
7533,1-(4-Methylphenyl)ethanol,10817.0,compound,food
7534,Perilla_alcohol,10819.0,compound,food
7535,3-Ethylpyridine,10823.0,compound,food
7536,(Ethoxymethyl)benzene,10873.0,compound,food
7537,Ethyl_pentanoate,10882.0,compound,food
7538,Ethyl_Levulinate,10883.0,compound,food
7539,Isobutyl_butyrate,10885.0,compound,food
7540,Pentyl_Hexanoate,10886.0,compound,food
7541,Pentyl_Butyrate,10890.0,compound,food
7542,Isobutyl_propionate,10895.0,compound,food
7543,"1,2-Ethanedithiol",10902.0,compound,food
7544,Isoamyl_mercaptan,10925.0,compound,food
7545,"3,3-Dimethylacrylic_acid",10931.0,compound,food
7546,"2,4-Dimethylthiazole",10934.0,compound,food
7547,"1,3-Dichlorobenzene",10943.0,compound,food
7548,Isobutyl_Formate,10957.0,compound,food
7549,Ethyl_isothiocyanate,10966.0,compound,food
7550,Myrcenol,10975.0,compound,food
7551,2-Heptanol,10976.0,compound,food
7552,Dibutyl_sulfide,11002.0,compound,food
7553,Tetradecanoic_acid,11005.0,compound,food
7554,Hexadecane,11006.0,compound,food
7555,3-Thujanone,11027.0,compound,food
7556,Methyl_Isobutyrate,11039.0,compound,food
7557,Methyl_Propionate,11124.0,compound,food
7558,2-Methylthiophene,11126.0,compound,food
7559,Linamarin,11128.0,compound,food
7560,Beta-Phellandrene,11142.0,compound,food
7561,Methyl_isovalerate,11160.0,compound,food
7562,Methyl_Isothiocyanate,11167.0,compound,food
7563,Methyl_Thiocyanate,11168.0,compound,food
7564,3-Methyl-2-Buten-1-Ol,11173.0,compound,food
7565,Propyl_Isovalerate,11176.0,compound,food
7566,Terpinen-4-ol,11230.0,compound,food
7567,3-Methyl-2-Butanone,11251.0,compound,food
7568,2-Methyl-3-Pentanone,11265.0,compound,food
7569,"2,6-Dimethylphenol",11335.0,compound,food
7570,"1-Phenyl-1,2-Propanedione",11363.0,compound,food
7571,"Octane-2,3-dione",11449.0,compound,food
7572,Terpinolene,11463.0,compound,food
7573,gamma-Terpineol,11467.0,compound,food
7574,1-Terpineol,11468.0,compound,food
7575,3-Methyl-1-Pentanol,11508.0,compound,food
7576,3-Hexanone,11509.0,compound,food
7577,Isobutyl_Isovalerate,11514.0,compound,food
7578,3-Heptanol,11520.0,compound,food
7579,"cis-1,4-Dimethylcyclohexane",11523.0,compound,food
7580,3-Octanol,11527.0,compound,food
7581,Butyl_propionate,11529.0,compound,food
7582,2-Methyl-2-Pentanol,11543.0,compound,food
7583,3-Methylbutanal,11552.0,compound,food
7584,alpha-Angelica_lactone,11559.0,compound,food
7585,3-Methylcyclohexanone,11567.0,compound,food
7586,3-Methoxybenzaldehyde,11569.0,compound,food
7587,Levulinic_Acid,11579.0,compound,food
7588,2-Hexanone,11583.0,compound,food
7589,Acetoxyacetone,11593.0,compound,food
7590,Butyl_isothiocyanate,11613.0,compound,food
7591,Butyl_Formate,11614.0,compound,food
7592,Diallyl_Sulfide,11617.0,compound,food
7593,2-Tridecanone,11622.0,compound,food
7594,Octadecane,11635.0,compound,food
7595,3-Methyl-2-Butanol,11732.0,compound,food
7596,"2,3-Pentanedione",11747.0,compound,food
7597,Methyl_2-furoate,11902.0,compound,food
7598,1-Penten-3-Ol,12020.0,compound,food
7599,Ethyl_Pyruvate,12041.0,compound,food
7600,Isopropyl_Isobutyrate,12044.0,compound,food
7601,Dihydrocarveol,12072.0,compound,food
7602,5-Methylfurfural,12097.0,compound,food
7603,3-Methylbenzaldehyde,12105.0,compound,food
7604,Cyclohexyl_Acetate,12146.0,compound,food
7605,Furfuryl_acetate,12170.0,compound,food
7606,3-Hexanol,12178.0,compound,food
7607,Methyl_butyrate,12180.0,compound,food
7608,Methyl_Valerate,12206.0,compound,food
7609,2-Methylbutyl_Acetate,12209.0,compound,food
7610,Ethyl_methyl_sulfide,12230.0,compound,food
7611,Dimethyl_disulfide,12232.0,compound,food
7612,Isopropyl_Formate,12257.0,compound,food
7613,"2,5-Dimethylfuran",12266.0,compound,food
7614,2-Pentyl_Acetate,12278.0,compound,food
7615,Propyl_Hexanoate,12293.0,compound,food
7616,Butyl_hexanoate,12294.0,compound,food
7617,2-Hexanol,12297.0,compound,food
7618,Ethyl_Undecanoate,12327.0,compound,food
7619,5-Methylhexanoic_Acid,12344.0,compound,food
7620,Amyl_acetate,12348.0,compound,food
7621,Ethyl_Palmitate,12366.0,compound,food
7622,2-Nonanol,12367.0,compound,food
7623,Dipropyl_disulfide,12377.0,compound,food
7624,Tridecane,12388.0,compound,food
7625,Tetradecane,12389.0,compound,food
7626,Pentadecane,12391.0,compound,food
7627,1-Hexadecene,12395.0,compound,food
7628,Heptadecane,12398.0,compound,food
7629,Nonadecane,12401.0,compound,food
7630,Heneicosane,12403.0,compound,food
7631,Docosane,12405.0,compound,food
7632,Isopropyl_Propionate,12508.0,compound,food
7633,"2,5-Dimethylthiophene",12514.0,compound,food
7634,Pentyl_formate,12529.0,compound,food
7635,Tricosane,12534.0,compound,food
7636,2-Propylphenol,12570.0,compound,food
7637,Propyl_Isobutyrate,12571.0,compound,food
7638,4-Propylphenol,12580.0,compound,food
7639,3-Phenylpropanenitrile,12581.0,compound,food
7640,4-Methylpentanoic_Acid,12587.0,compound,food
7641,Isoamyl_Isovalerate,12613.0,compound,food
7642,2-Decanone,12741.0,compound,food
7643,4-Methylthiazole,12748.0,compound,food
7644,gamma-Caprolactone,12756.0,compound,food
7645,delta-Octanolactone,12777.0,compound,food
7646,Benzyl_methyl_disulfide,12779.0,compound,food
7647,Delta-Decalactone,12810.0,compound,food
7648,gamma-Decalactone,12813.0,compound,food
7649,Delta-Dodecalactone,12844.0,compound,food
7650,Benzyl_methyl_sulfide,13016.0,compound,food
7651,calcium_lactate,13144.0,compound,food
7652,2-Nonanone,13187.0,compound,food
7653,delta-Hexalactone,13204.0,compound,food
7654,Methyl_2-methylbutyrate,13357.0,compound,food
7655,Allyl_Mercaptan,13367.0,compound,food
7656,6-Undecanone,13561.0,compound,food
7657,6-Methylheptan-2-one,13572.0,compound,food
7658,3-Decanone,13576.0,compound,food
7659,3-Ethyl-o-xylene,13621.0,compound,food
7660,Isopropyl_Benzoate,13654.0,compound,food
7661,1H-Pyrrole-2-carbaldehyde,13854.0,compound,food
7662,2-Acetylpyrrole,14079.0,compound,food
7663,1-Methyl-3-Propylbenzene,14092.0,compound,food
7664,Thymol_methyl_ether,14104.0,compound,food
7665,Hexyl_octanoate,14228.0,compound,food
7666,Myrcenyl_acetate,14235.0,compound,food
7667,Undecane,14257.0,compound,food
7668,2-Acetylpyridine,14286.0,compound,food
7669,"2,3,5,6-Tetramethylpyrazine",14296.0,compound,food
7670,"3',4'-Dimethoxyacetophenone",14328.0,compound,food
7671,2-Methylheptanoic_Acid,14475.0,compound,food
7672,2-Acetylfuran,14505.0,compound,food
7673,3-Methyl-2-Cyclohexen-1-One,14511.0,compound,food
7674,2-Acetyl-5-Methylfuran,14514.0,compound,food
7675,Fenchone,14525.0,compound,food
7676,2-(4-methylphenyl)propan-2-ol,14529.0,compound,food
7677,Calcium_Oxide,14778.0,compound,food
7678,Beta-Pinene,14896.0,compound,food
7679,1-Furfurylpyrrole,15037.0,compound,food
7680,"7-methyl-4-methylidene-1-propan-2-yl-2,3,4a,5,6,8a-hexahydro-1H-naphthalene",15094.0,compound,food
7681,Bis(methylthio)methane,15380.0,compound,food
7682,Ethyl_Vinyl_Ketone,15394.0,compound,food
7683,Fenchol,15406.0,compound,food
7684,2-Undecanol,15448.0,compound,food
7685,Ethylcyclohexane,15504.0,compound,food
7686,Decane,15600.0,compound,food
7687,Methyl_Nonanoate,15606.0,compound,food
7688,4-Methyl-5-Vinylthiazole,15654.0,compound,food
7689,Ethyl_3-phenylpropionate,16237.0,compound,food
7690,Isopentyl_octanoate,16255.0,compound,food
7691,Diallyl_trisulfide,16315.0,compound,food
7692,Perillaldehyde,16441.0,compound,food
7693,Terpinyl_formate,16537.0,compound,food
7694,Diallyl_Disulfide,16590.0,compound,food
7695,Allyl_Propyl_Disulfide,16591.0,compound,food
7696,Methyl_propyl_disulfide,16592.0,compound,food
7697,Isopentyl_hexanoate,16617.0,compound,food
7698,l-Menthol,16666.0,compound,food
7699,d-Carvone,16724.0,compound,food
7700,Phenethyl_isothiocyanate,16741.0,compound,food
7701,2-Pentylpyridine,16800.0,compound,food
7702,gamma-Dodecalactone,16821.0,compound,food
7703,Isopropyl_Hexanoate,16832.0,compound,food
7704,Propyl_Benzoate,16846.0,compound,food
7705,Hexyl_isobutyrate,16872.0,compound,food
7706,5-Ethyl-2(5H)-furanone,16997.0,compound,food
7707,"2,2,6-Trimethylcyclohexanone",17000.0,compound,food
7708,Methyl_4-methylvalerate,17008.0,compound,food
7709,"2,3,6-Trimethylphenol",17016.0,compound,food
7710,"9-Octadecenal,_(9E)-",17029.0,compound,food
7711,alpha-TERPINEOL,17100.0,compound,food
7712,1-Octen-3-yl_acetate,17121.0,compound,food
7713,2-METHYLBUTYL_2-METHYLBUTYRATE,17129.0,compound,food
7714,Hexyl_Butyrate,17525.0,compound,food
7715,3-Methyl-2-Cyclopenten-1-One,17691.0,compound,food
7716,Pentadecanal,17697.0,compound,food
7717,2-Methoxy-4-Propylphenol,17739.0,compound,food
7718,3-Thujene,17868.0,compound,food
7719,2-Methoxypyrazine,18467.0,compound,food
7720,2-Methyltetrahydrofuran-3-One,18522.0,compound,food
7721,2-Ethylfuran,18554.0,compound,food
7722,3-(Methylthio)propionaldehyde,18635.0,compound,food
7723,Ethyl_cyclohexanecarboxylate,18686.0,compound,food
7724,Delta-Nonalactone,18698.0,compound,food
7725,Sabinene,18818.0,compound,food
7726,1-Octen-3-Ol,18827.0,compound,food
7727,"3,5,5-Trimethylhexan-1-ol",18938.0,compound,food
7728,Phenoxyacetic_Acid,19188.0,compound,food
7729,3658-77-3,19309.0,compound,food
7730,Dimethyl_trisulfide,19310.0,compound,food
7731,2-Pentylfuran,19602.0,compound,food
7732,2-Heptylfuran,19603.0,compound,food
7733,"1,1-Diethoxy-3-Methylbutane",19695.0,compound,food
7734,"2,3-Hexanedione",19707.0,compound,food
7735,Methyl_propyl_sulfide,19754.0,compound,food
7736,Octan-2-ol,20083.0,compound,food
7737,Difurfuryl_Disulfide,20499.0,compound,food
7738,2-Butylfuran,20534.0,compound,food
7739,2-Methylhexanoic_Acid,20653.0,compound,food
7740,6-Methylhept-5-en-2-ol,20745.0,compound,food
7741,Methyl_cyclohexanecarboxylate,20748.0,compound,food
7742,4674-50-4,20797.0,compound,food
7743,Disodium_5'-inosinate,20819.0,compound,food
7744,4-Ethylbenzaldehyde,20861.0,compound,food
7745,1-Hexen-3-Ol,20928.0,compound,food
7746,2-Pentylthiophene,20995.0,compound,food
7747,1-Hepten-3-Ol,21057.0,compound,food
7748,8-Nonen-2-one,21108.0,compound,food
7749,Butyl_Heptanoate,21596.0,compound,food
7750,4-(4-Hydroxyphenyl)-2-butanone,21648.0,compound,food
7751,5550-12-9,21712.0,compound,food
7752,"2-Methyl-1,3-dithiolane",21828.0,compound,food
7753,"2,3-Dimethylpyrazine",22201.0,compound,food
7754,d-Dihydrocarvone,22227.0,compound,food
7755,Epoxylinalool,22310.0,compound,food
7756,Dipentene,22311.0,compound,food
7757,Dipropyl_trisulfide,22383.0,compound,food
7758,2-Pentanol,22386.0,compound,food
7759,2-Dodecanone,22556.0,compound,food
7760,Hexyl_Hexanoate,22873.0,compound,food
7761,Hexyl_benzoate,23235.0,compound,food
7762,2-Methoxybenzenethiol,23642.0,compound,food
7763,Ethyl_2-methylbutyrate,24020.0,compound,food
7764,Acetyl_isobutyryl,24115.0,compound,food
7765,Diethyl_Malate,24197.0,compound,food
7766,Silica,24261.0,compound,food
7767,Butyl_Anthranilate,24433.0,compound,food
7768,Potassium_Nitrate,24434.0,compound,food
7769,Dihydrocarvone,24473.0,compound,food
7770,Calcium_Iodate,24619.0,compound,food
7771,4-Ethoxybenzaldehyde,24834.0,compound,food
7772,Hexyl_2-methylbutanoate,24838.0,compound,food
7773,L-Rhamnose,25310.0,compound,food
7774,Tridecanal,25311.0,compound,food
7775,2-Methyl-3-Heptanone,25611.0,compound,food
7776,2-Ethyl-5-Methylpyrazine,25915.0,compound,food
7777,"3-Ethyl-2,5-dimethylpyrazine",25916.0,compound,food
7778,3-Carene,26049.0,compound,food
7779,"2,2,4,6,6-Pentamethylheptane",26058.0,compound,food
7780,"5-Methylhexane-2,3-dione",26204.0,compound,food
7781,2-Ethylpyrazine,26331.0,compound,food
7782,2-Ethyl-6-Methylpyrazine,26332.0,compound,food
7783,2-Isobutyl-3-Methylpyrazine,26333.0,compound,food
7784,"2-Ethyl-3,5-Dimethylpyrazine",26334.0,compound,food
7785,2-Methyl-5-Vinylpyrazine,26335.0,compound,food
7786,Menthone,26447.0,compound,food
7787,"2,3,5-Trimethylpyrazine",26808.0,compound,food
7788,beta-Bisabolol,27208.0,compound,food
7789,"4,4,7a-Trimethyl-5,6,7,7a-tetrahydrobenzofuran-2(4H)-one",27209.0,compound,food
7790,2-Ethyl-4-Methylthiazole,27440.0,compound,food
7791,2-Ethyl-3-Methylpyrazine,27457.0,compound,food
7792,"2,3-Diethylpyrazine",27458.0,compound,food
7793,"5-Ethyl-2,3-dimethylpyrazine",27460.0,compound,food
7794,Rose_oxide,27866.0,compound,food
7795,Menthyl_acetate,27867.0,compound,food
7796,"2,3-Diethyl-5-Methylpyrazine",28905.0,compound,food
7797,"3,5-Diethyl-2-Methylpyrazine",28906.0,compound,food
7798,alpha-Fenchene,28930.0,compound,food
7799,"2,4,5-Trimethyloxazole",30215.0,compound,food
7800,Dihydrocarvyl_acetate,30248.0,compound,food
7801,Acetylpyrazine,30914.0,compound,food
7802,122-40-7,31209.0,compound,food
7803,Vanillylacetone,31211.0,compound,food
7804,Benzyl_Propionate,31219.0,compound,food
7805,2-Phenylethyl_propionate,31225.0,compound,food
7806,3-Phenylpropyl_acetate,31226.0,compound,food
7807,4-Methoxyphenylacetone,31231.0,compound,food
7808,3-Phenylpropan-1-ol,31234.0,compound,food
7809,4-Ethylphenol,31242.0,compound,food
7810,4-Methoxybenzaldehyde,31244.0,compound,food
7811,2-Methylpentanal,31245.0,compound,food
7812,4-Heptanone,31246.0,compound,food
7813,Diethyl_Succinate,31249.0,compound,food
7814,Ethyl_Nonanoate,31251.0,compound,food
7815,"2,5-Dimethylpyrazine",31252.0,compound,food
7816,Myrcene,31253.0,compound,food
7817,3-Methyl-1-butanol,31260.0,compound,food
7818,Ethyl_caproate,31265.0,compound,food
7819,Allyl_hexanoate,31266.0,compound,food
7820,Pyrrolidine,31268.0,compound,food
7821,Butyl_acetate,31272.0,compound,food
7822,Isoamyl_Acetate,31276.0,compound,food
7823,Butyl_Stearate,31278.0,compound,food
7824,Ethyl_tetradecanoate,31283.0,compound,food
7825,Methyl_tetradecanoate,31284.0,compound,food
7826,Nonanal,31289.0,compound,food
7827,Tetradecanal,31291.0,compound,food
7828,Linalyl_benzoate,31353.0,compound,food
7829,"2,6-Di-tert-butyl-4-methylphenol",31404.0,compound,food
7830,Nopol,31408.0,compound,food
7831,"2,4,5-Trimethyl-3-Oxazoline",31492.0,compound,food
7832,"3,5-Dimethyl-1,2,4-Trithiolane",32033.0,compound,food
7833,23747-48-0,32065.0,compound,food
7834,2-Acetyl-3-Methylpyrazine,32093.0,compound,food
7835,2-Isobutyl-3-Methoxypyrazine,32594.0,compound,food
7836,L-glutamic_acid,33032.0,compound,food
7837,2-Ethyl-3-Methoxypyrazine,33135.0,compound,food
7838,2-Isopropyl-3-Methoxypyrazine,33166.0,compound,food
7839,2-Ethyl-4-hydroxy-5-methyl-3(2H)-furanone,33931.0,compound,food
7840,Diisooctyl_phthalate,33934.0,compound,food
7841,6-Pentyl-2H-pyran-2-one,33960.0,compound,food
7842,"2,6-Nonadien-1-ol",34134.0,compound,food
7843,2-Methyl-3-furanthiol,34286.0,compound,food
7844,Isopulegone,34645.0,compound,food
7845,Ethyl_Propyl_Disulfide,35349.0,compound,food
7846,Dihydro-alpha-ionone,35821.0,compound,food
7847,"2,5-Diethyl-3-Methylpyrazine",36225.0,compound,food
7848,"5,6,7,8-Tetrahydroquinoxaline",36822.0,compound,food
7849,"3,6-Nonadien-1-ol",42011.0,compound,food
7850,2-Pentyl_butyrate,43263.0,compound,food
7851,Bornyl_Isovalerate,60968.0,compound,food
7852,Ethyl_4-methoxybenzoate,60979.0,compound,food
7853,"2,3-Heptanedione",60983.0,compound,food
7854,"(2,2-Dimethoxyethyl)benzene",60995.0,compound,food
7855,Isobutyl_phenylacetate,60998.0,compound,food
7856,4-(4-Methoxyphenyl)-2-butanone,61007.0,compound,food
7857,Butyl_laurate,61015.0,compound,food
7858,"2,6-Dimethyl-5-heptenal",61016.0,compound,food
7859,3-Methyl-2-butenal,61020.0,compound,food
7860,Octyl_isobutyrate,61024.0,compound,food
7861,Octyl_butyrate,61030.0,compound,food
7862,2-Methylundecanal,61031.0,compound,food
7863,Linalyl_formate,61040.0,compound,food
7864,Safranal,61041.0,compound,food
7865,Isobutyl_benzoate,61048.0,compound,food
7866,3-Phenylpropyl_propionate,61052.0,compound,food
7867,4-Methoxybenzyl_formate,61054.0,compound,food
7868,Octyl_propionate,61096.0,compound,food
7869,Linalyl_propionate,61098.0,compound,food
7870,"2,6,6-Trimethyl-1-cyclohexene-1-acetaldehyde",61124.0,compound,food
7871,beta-Caryophyllene_alcohol,61125.0,compound,food
7872,Verbenol,61126.0,compound,food
7873,Myrtenal,61130.0,compound,food
7874,Benzyl_butyl_ether,61134.0,compound,food
7875,2-methylpropyl_but-2-enoate,61135.0,compound,food
7876,Butyl_pentanoate,61137.0,compound,food
7877,Methyl_2-methoxybenzoate,61151.0,compound,food
7878,2-Methoxystyrene,61153.0,compound,food
7879,2-Methoxyphenyl_acetate,61155.0,compound,food
7880,Furfuryl_propionate,61166.0,compound,food
7881,S-Ethyl_ethanethioate,61171.0,compound,food
7882,Hexyl_formate,61177.0,compound,food
7883,Isopropyl_butyrate,61184.0,compound,food
7884,Amyl_octanoate,61185.0,compound,food
7885,698-10-2,61199.0,compound,food
7886,1-Phenyl-2-pentanol,61202.0,compound,food
7887,delta-Undecalactone,61204.0,compound,food
7888,Farnesylacetone,61206.0,compound,food
7889,"3-Methylcyclopentane-1,2-dione",61209.0,compound,food
7890,3-Nonanone,61235.0,compound,food
7891,2-Acetyl-1-methylpyrrole,61240.0,compound,food
7892,Tetrahydrothiophen-3-one,61252.0,compound,food
7893,2-Propionylpyrrole,61260.0,compound,food
7894,2-(Methylthio)phenol,61261.0,compound,food
7895,Myrtenyl_acetate,61262.0,compound,food
7896,Nerol_oxide,61275.0,compound,food
7897,Methyl_citronellate,61290.0,compound,food
7898,Ethyl_3-hydroxyhexanoate,61293.0,compound,food
7899,S-Propyl_thioacetate,61295.0,compound,food
7900,2-Pentadecanone,61303.0,compound,food
7901,Heptyl_2-methylpropanoate,61304.0,compound,food
7902,4077-47-8,61325.0,compound,food
7903,4166-20-5,61334.0,compound,food
7904,1-Octen-3-One,61346.0,compound,food
7905,Butylphthalide,61361.0,compound,food
7906,d-Piperitone,61362.0,compound,food
7907,2-Phenylethyl_hexanoate,61384.0,compound,food
7908,Isoamyl_laurate,61386.0,compound,food
7909,"3,4-Dimethoxystyrene",61400.0,compound,food
7910,Ethyl_3-(2-furyl)propionate,61450.0,compound,food
7911,Hexyl_isovalerate,61455.0,compound,food
7912,D-Lactic_acid,61503.0,compound,food
7913,"3-Acetyl-2,5-dimethylfuran",61527.0,compound,food
7914,Celestolide,61585.0,compound,food
7915,4-(Ethoxymethyl)-2-methoxyphenol,61586.0,compound,food
7916,Ethyl_3-(methylthio)propionate,61592.0,compound,food
7917,"3,4-Dimethyl-1,2-cyclopentanedione",61633.0,compound,food
7918,13494-07-0,61634.0,compound,food
7919,Methyl_3-(methylthio)propionate,61641.0,compound,food
7920,"2,4,5-Trimethylthiazole",61653.0,compound,food
7921,1-(Methylthio)-2-butanone,61656.0,compound,food
7922,2-Methyl-5-(methylthio)furan,61657.0,compound,food
7923,Furfuryl_isovalerate,61658.0,compound,food
7924,Difurfuryl_sulfide,61659.0,compound,food
7925,S-Furfuryl_thioacetate,61660.0,compound,food
7926,2-(Methoxymethyl)furan,61661.0,compound,food
7927,S-Methyl_2-furancarbothioate,61662.0,compound,food
7928,13679-70-4,61663.0,compound,food
7929,13679-85-1,61664.0,compound,food
7930,13679-86-2,61665.0,compound,food
7931,5-Methylquinoxaline,61670.0,compound,food
7932,2-Isopropyl-5-methylpyrazine,61700.0,compound,food
7933,4-Ethylsyringol,61712.0,compound,food
7934,3-Isobutylpyridine,61715.0,compound,food
7935,9-Decenoic_acid,61743.0,compound,food
7936,Perillyl_acetate,61780.0,compound,food
7937,Limonen-10-yl_acetate,61781.0,compound,food
7938,2-Isopropyl-4-methylthiazole,61808.0,compound,food
7939,Butyl_2-methylbutyrate,61812.0,compound,food
7940,"2,4-Dimethylbenzaldehyde",61814.0,compound,food
7941,4-Ethyloctanoic_acid,61840.0,compound,food
7942,Octadienal,61874.0,compound,food
7943,Dec-4-enal,61875.0,compound,food
7944,2-Acetyl-3-ethylpyrazine,61918.0,compound,food
7945,4-Methylthio-2-butanone,61922.0,compound,food
7946,Allyl_Methyl_Trisulfide,61926.0,compound,food
7947,Piperitenone_oxide,61942.0,compound,food
7948,Theaspirane,61953.0,compound,food
7949,furan-2-ylmethyl_pentanoate,61955.0,compound,food
7950,2-Acetyl-1-ethylpyrrole,61988.0,compound,food
7951,4-Methylnonanoic_acid,62003.0,compound,food
7952,"2-Ethyl-4,5-dimethyloxazole",62069.0,compound,food
7953,4-Methyloctanoic_acid,62089.0,compound,food
7954,p-Tolyl_isovalerate,62092.0,compound,food
7955,"2,5-Dimethyl-1,4-dithiane-2,5-diol",62105.0,compound,food
7956,56424-87-4,62117.0,compound,food
7957,2-Methyl-3-tetrahydrofuranthiol,62128.0,compound,food
7958,Furfuryl_methyl_disulfide,62131.0,compound,food
7959,Linalyl_butyrate,62321.0,compound,food
7960,Terpinyl_propionate,62328.0,compound,food
7961,1-Phenylethyl_acetate,62341.0,compound,food
7962,p-Menthan-2-ol,62350.0,compound,food
7963,3-(Methylthio)propyl_isothiocyanate,62351.0,compound,food
7964,Sabinene_hydrate,62367.0,compound,food
7965,1125-21-9,62374.0,compound,food
7966,Benzaldehyde_dimethyl_acetal,62375.0,compound,food
7967,Dihydrojasmone,62378.0,compound,food
7968,"2,2,4-Trimethyl-1,3-dioxolane",62384.0,compound,food
7969,1195-32-0,62385.0,compound,food
7970,2-Pentanethiol,62424.0,compound,food
7971,Pentyl_valerate,62433.0,compound,food
7972,Allyl_Methyl_Disulfide,62434.0,compound,food
7973,S-Methyl_thiobutyrate,62444.0,compound,food
7974,2-Methylbutyl_isovalerate,62445.0,compound,food
7975,4-Vinylphenol,62453.0,compound,food
7976,4-Ethyl-2-methoxyphenol,62465.0,compound,food
7977,3-Hydroxy-2-Pentanone,62484.0,compound,food
7978,"4,5-Dimethylthiazole",62510.0,compound,food
7979,"3,4-Hexanedione",62539.0,compound,food
7980,Ethyl_3-hydroxybutyrate,62572.0,compound,food
7981,Heptyl_butyrate,62592.0,compound,food
7982,tridec-2-enal,62653.0,compound,food
7983,2-Isobutylthiazole,62725.0,compound,food
7984,28664-35-9,62835.0,compound,food
7985,Isopropenylpyrazine,62897.0,compound,food
7986,Whiskey_lactone,62900.0,compound,food
7987,Octyl_2-furoate,62901.0,compound,food
7988,"2,5-Diethyltetrahydrofuran",62913.0,compound,food
7989,Borneol,64685.0,compound,food
7990,(-)-Epigallocatechin_gallate,65064.0,compound,food
7991,Gallocatechin,65084.0,compound,food
7992,Ginkgolide_B,65243.0,compound,food
7993,S-Methyl_2-methylbutanethioate,65285.0,compound,food
7994,"4-Acetyl-1,4-dimethyl-1-cyclohexene",65289.0,compound,food
7995,3-(Methylthio)-1-hexanol,65413.0,compound,food
7996,Methyl_4-(methylthio)butyrate,65425.0,compound,food
7997,5-Ethyl-2-hydroxy-3-methylcyclopent-2-en-1-one,65427.0,compound,food
7998,6-Hydroxydihydrotheaspirane,65428.0,compound,food
7999,Cedrol,65575.0,compound,food
8000,Verbenone,65724.0,compound,food
8001,Valerophenone,66093.0,compound,food
8002,Allyl_methyl_sulfide,66282.0,compound,food
8003,Xanthoxylin,66654.0,compound,food
8004,Octyl_benzoate,66751.0,compound,food
8005,(+)-Linalool,67179.0,compound,food
8006,"1,2,3,5,6-Pentathiepane",67521.0,compound,food
8007,Tangeretin,68077.0,compound,food
8008,Chavicol,68148.0,compound,food
8009,Perillen,68316.0,compound,food
8010,Artemisia_ketone,68346.0,compound,food
8011,Isobutyl_isothiocyanate,68960.0,compound,food
8012,2-Propylpyridine,69320.0,compound,food
8013,Pentyl_isothiocyanate,69415.0,compound,food
8014,2-Hydroxy-4-methoxybenzaldehyde,69600.0,compound,food
8015,Allyl_thiocyanate,69816.0,compound,food
8016,5-Hexen-1-ol,69963.0,compound,food
8017,(+)-Isomenthone,70962.0,compound,food
8018,(-)-Epicatechin,72276.0,compound,food
8019,(-)-Epigallocatechin,72277.0,compound,food
8020,Isoflavone,72304.0,compound,food
8021,Nobiletin,72344.0,compound,food
8022,S-Methyl_thioacetate,73750.0,compound,food
8023,Isopropyl_isothiocyanate,75263.0,compound,food
8024,(R)-(+)-Citronellal,75427.0,compound,food
8025,S-Methyl_hexanethioate,75515.0,compound,food
8026,Diallyl_tetrasulfide,75552.0,compound,food
8027,3-Butenyl_isothiocyanate,76922.0,compound,food
8028,"2,5-Dimethylthiazole",77837.0,compound,food
8029,2-Vinylpyrazine,77840.0,compound,food
8030,Diisopropyl_disulfide,77932.0,compound,food
8031,Hexyl_isothiocyanate,78120.0,compound,food
8032,sec-Butyl_isothiocyanate,78151.0,compound,food
8033,Heptyl_isothiocyanate,78152.0,compound,food
8034,Erucin,78160.0,compound,food
8035,Ethyl_(methylthio)acetate,78199.0,compound,food
8036,3-Methyl-3-butenyl_acetate,78879.0,compound,food
8037,2-(Methylthio)ethanol,78925.0,compound,food
8038,Diosphenol,79023.0,compound,food
8039,3-Methylbutyl_isothiocyanate,79086.0,compound,food
8040,1-Pyrroline,79803.0,compound,food
8041,"Tetrasulfide,_dimethyl",79828.0,compound,food
8042,"4-Ethyl-1,2-dimethoxybenzene",79990.0,compound,food
8043,Diisopropyl_trisulfide,80046.0,compound,food
8044,Carvacryl_methyl_ether,80790.0,compound,food
8045,"2,4-Dimethylanisole",81221.0,compound,food
8046,2-Phenylethyl_pentanoate,81964.0,compound,food
8047,7785-70-8,82227.0,compound,food
8048,l-alpha-Fenchone,82229.0,compound,food
8049,Methyl_2-(dimethylamino)benzoate,82336.0,compound,food
8050,13002-09-0,83036.0,compound,food
8051,Methyl_phenyl_disulfide,84234.0,compound,food
8052,Isopinocamphone,84532.0,compound,food
8053,rosefuran,84825.0,compound,food
8054,2-Ethylthiazole,85053.0,compound,food
8055,3-(Methylthio)propyl_acetate,85519.0,compound,food
8056,Methyl_(methylthio)acetate,85522.0,compound,food
8057,Naringen,85704.0,compound,food
8058,14400-67-0,85730.0,compound,food
8059,alpha-Bisabolene,86597.0,compound,food
8060,alpha-Bergamotene,86608.0,compound,food
8061,.alpha.-Cubebene,86609.0,compound,food
8062,4-Menthen-8-ol,86752.0,compound,food
8063,p-Menth-1-en-9-ol,86753.0,compound,food
8064,2-methyl-3-[4-(propan-2-yl)cyclohex-1-en-1-yl]propanal,86818.0,compound,food
8065,4-Pentenyl_isothiocyanate,87436.0,compound,food
8066,2-Propylpyrazine,87466.0,compound,food
8067,2-Hexylthiophene,87793.0,compound,food
8068,19872-52-7,88290.0,compound,food
8069,Hexyl_propionate,88454.0,compound,food
8070,Galegine_sulfate,88460.0,compound,food
8071,2-Bornyl_propionate,89306.0,compound,food
8072,"Cyclohexene,_4-ethenyl-4-methyl-3-(1-methylethenyl)-1-(1-methylethyl)-,_(3R-trans)-",89316.0,compound,food
8073,dl-Codamine,89421.0,compound,food
8074,nicotine,89594.0,compound,food
8075,S-Methyl_3-methylbutanethioate,90246.0,compound,food
8076,Aromadendrene,91354.0,compound,food
8077,beta-Eudesmol,91457.0,compound,food
8078,"Limonene_1,2-epoxide",91496.0,compound,food
8079,"(4R,4aR)-1,1,4,7-tetramethyl-1a,2,3,4,4a,5,6,7b-octahydrocyclopropa[e]azulene",92116.0,compound,food
8080,Elemol,92138.0,compound,food
8081,Curcumene,92139.0,compound,food
8082,(+)-Camphene,92221.0,compound,food
8083,(-)-gamma-cadinene,92313.0,compound,food
8084,Crypton,92780.0,compound,food
8085,Prunin,92794.0,compound,food
8086,beta-Cubebene,93081.0,compound,food
8087,"2,3,5-Trithiahexane",93236.0,compound,food
8088,58461-27-1,94060.0,compound,food
8089,Santalene,94164.0,compound,food
8090,"(1aR,4S,4aS,7R,7aS)-1,1,4,7-tetramethyl-2,3,4a,5,6,7,7a,7b-octahydro-1aH-cyclopropa[e]azulen-4-ol",94174.0,compound,food
8091,"p-Menth-8-ene-1,2-diol",94217.0,compound,food
8092,3242-08-8,94254.0,compound,food
8093,Paradol,94378.0,compound,food
8094,Isopulegol_acetate,94579.0,compound,food
8095,"6,10-Dimethyl-2-undecanone",95495.0,compound,food
8096,2-Nonenoic_acid,97730.0,compound,food
8097,Nerolidyl_acetate,98043.0,compound,food
8098,2-amino-3-(prop-2-en-1-ylsulfanyl)propanoic_acid,98280.0,compound,food
8099,Campholenic_aldehyde,98497.0,compound,food
8100,Allyl_propyl_sulfide,98781.0,compound,food
8101,Grosheimin,99967.0,compound,food
8102,4-Isopropenyl-1-methyl-7-oxabicyclo[4.1.0]heptan-2-one,100031.0,compound,food
8103,"2,6,6-trimethyl-2-hydroxycyclohexanone",101115.0,compound,food
8104,Globulol,101716.0,compound,food
8105,cis-Carvyl_acetate,102024.0,compound,food
8106,Lavender_lactone,102550.0,compound,food
8107,6-methyl-2-(oxiran-2-yl)hept-5-en-2-ol,102611.0,compound,food
8108,Pinocarveol,102667.0,compound,food
8109,24851-98-7,102861.0,compound,food
8110,"4,5-Dimethyl-2-propyloxazole",104620.0,compound,food
8111,"1-(3,6-dimethylpyrazin-2-yl)ethanone",104722.0,compound,food
8112,2-isopropyl-6-methoxypyrazine,106441.0,compound,food
8113,"Azulene,_1,2,3,4,5,6,7,8-octahydro-1,4-dimethyl-7-(1-methylethenyl)-,_(1S,4S,7R)-",107152.0,compound,food
8114,3695-24-7,107153.0,compound,food
8115,Fenchyl_acetate,107217.0,compound,food
8116,(-)-piperitone,107561.0,compound,food
8117,L-Lactic_acid,107689.0,compound,food
8118,(-)-Epicatechin_gallate,107905.0,compound,food
8119,Daidzin,107971.0,compound,food
8120,2-Ethyl-1-hexanethiol,110968.0,compound,food
8121,Alpha-Terpinyl_Acetate,111037.0,compound,food
8122,UNII-R1AUQ945JN,111274.0,compound,food
8123,Ginkgolide_A,115221.0,compound,food
8124,valofin,119900.0,compound,food
8125,"2,5-Dimethyl-4-ethyloxazole",121694.0,compound,food
8126,Pinocarvone,121719.0,compound,food
8127,"(1r,4r)-4-isopropyl-1-methylcyclohex-2-en-1-ol",122485.0,compound,food
8128,Ethyl_methyl_disulfide,123388.0,compound,food
8129,Tiglic_Acid,125468.0,compound,food
8130,"1,3-Diphenyl-1-butanone",137065.0,compound,food
8131,Methanedithiol,138818.0,compound,food
8132,1-Phenylethanethiol,141850.0,compound,food
8133,Phytol,145386.0,compound,food
8134,Sinensetin,145659.0,compound,food
8135,Prenylthiol,146586.0,compound,food
8136,2-(4-Methoxyphenoxy)propanoic_acid,151199.0,compound,food
8137,Lilac_aldehyde,155007.0,compound,food
8138,D-Camphor,159055.0,compound,food
8139,Cedrelanol,160799.0,compound,food
8140,Ginkgolide_C,161120.0,compound,food
8141,"2,4-Dimethyl-5-ethylthiazole",162293.0,compound,food
8142,9-Decenal,162392.0,compound,food
8143,1-Isothiocyanato-6-(methylthio)hexane,165224.0,compound,food
8144,2-Acetyl-2-thiazoline,169110.0,compound,food
8145,Isopulegol,170833.0,compound,food
8146,Sedanenolide,173843.0,compound,food
8147,"p-Mentha-1,3,8-triene",176983.0,compound,food
8148,Saupirin,181128.0,compound,food
8149,6-isothiocyanatohex-1-ene,184852.0,compound,food
8150,28374-89-2,185635.0,compound,food
8151,Berteroin,206037.0,compound,food
8152,5-Hydroxyoctan-4-one,219794.0,compound,food
8153,L-Menthyl_acetate,220674.0,compound,food
8154,Hexyl_phenylacetate,221691.0,compound,food
8155,Erythritol,222285.0,compound,food
8156,L-Malic_acid,222656.0,compound,food
8157,"4-Allyl-2,6-dimethoxyphenol",226486.0,compound,food
8158,Guaiol,227829.0,compound,food
8159,"4,4-Dimethoxy-2-butanone",228548.0,compound,food
8160,2-Furylacetone,228583.0,compound,food
8161,Octyl_isovalerate,228769.0,compound,food
8162,Propyl_heptanoate,229377.0,compound,food
8163,Decyl_butyrate,229387.0,compound,food
8164,2-Phenylethyl_octanoate,229888.0,compound,food
8165,1-(furan-2-yl)pentan-1-one,231325.0,compound,food
8166,MLS002607979,235284.0,compound,food
8167,Oxacyclohexadecan-2-one,235414.0,compound,food
8168,5-Hydroxymethylfurfural,237332.0,compound,food
8169,"5,7-Dihydroxyflavanone",238782.0,compound,food
8170,"2,6-Dimethoxy-4-methylphenol",240925.0,compound,food
8171,Cyclohexyl_butyrate,243783.0,compound,food
8172,3-Octanone,246728.0,compound,food
8173,Isobornyl_acetate,247573.0,compound,food
8174,"3,7-Dimethyloctane-1,7-diol",249494.0,compound,food
8175,Benzyl_tiglate,250096.0,compound,food
8176,alpha-Thujone,261491.0,compound,food
8177,Difurfuryl_ether,263034.0,compound,food
8178,ethyl_3-acetoxy-2-methylbutanoate,263620.0,compound,food
8179,noscapine,275196.0,compound,food
8180,"Carotol,_(+)-",287687.0,compound,food
8181,Valencen,288227.0,compound,food
8182,Longifolene,289151.0,compound,food
8183,.beta.-Bourbonene,324224.0,compound,food
8184,Nomilin,326240.0,compound,food
8185,Menthofuran,329983.0,compound,food
8186,(-)-cis-Carveol,330573.0,compound,food
8187,Oxycanthine,371257.0,compound,food
8188,Piperitenone,381152.0,compound,food
8189,Curcumenol,387977.0,compound,food
8190,CHEBI:49249,403919.0,compound,food
8191,Ethyl_Crotonate,429065.0,compound,food
8704,Prodelphinidin_B4,147299.0,compound,drug
8712,Brassinolide,443055.0,compound,drug
8714,Obacunone,500031.0,compound,drug
8715,Lupeol,521518.0,compound,drug
8719,ent-Epigallocatechin_3-gallate,2824823.0,compound,drug
8723,Quercetin,5280343.0,compound,drug
8724,Apigenin,5280443.0,compound,drug
8726,Genistein,5280961.0,compound,drug
8727,Aesculetin,5281416.0,compound,drug
8731,Tetramethylquercetin,5352005.0,compound,drug
8738,4-Methoxyglucobrassicin,6122984.0,compound,drug
8740,beta-Elemene,6918391.0,compound,drug
8742,Prolycopene,10918539.0,compound,drug
8743,Procyanidin_B1,11250133.0,compound,drug
8666,Gallic_acid,370.0,compound,drug
8668,Betulinic_acid,2371.0,compound,drug
8671,1H-Indole-3-methanol,3712.0,compound,drug
8677,Carvone,7439.0,compound,drug
8679,Plumbagin,10205.0,compound,drug
8689,alpha-Terpineol,17100.0,compound,drug
8691,Indole-beta-carboxylic_acid,69867.0,compound,drug
8692,Erucin,78160.0,compound,drug
8694,alpha-Santalene,94164.0,compound,drug
8695,4-Chloro-1H-indole-3-acetic_acid,100413.0,compound,drug
8696,Dihydrocapsaicin,107982.0,compound,drug
8698,Brassinin,119341.0,compound,drug
8699,Procyanidin_B2,122738.0,compound,drug
8703,Procyanidin_B3,146798.0,compound,drug